正韻卷番	韻目	IPA	正韻小韻番	正韻小韻分隔	正韻字頭	正韻反切	ytenx小韻番	正韻牋字頭(ytenx)	正韻牋反切(ytenx)
1	東	tuŋ	1	平聲¶¶¶一東¶¶	東	徳紅切	1	東	德紅切
1	東	thuŋ	2	○	通	佗紅切	2	通	他紅切
1	東	tɦȕŋ	3	○	同	徒紅切	3	同	徒紅切
1	東	lȕŋ	4	○	龍	盧容切	4	龍	盧容切
1	東	lyȕŋ	5	○	隆	良中切	5	隆	良中切
1	東	pɦȕŋ	6	○	蓬	蒲紅切	6	蓬	蒲紅切
1	東	mȕŋ	7	○	蒙	莫紅切	7	蒙	莫紅切
1	東	tshuŋ	8	○	悤	倉紅切	8	悤	倉紅切
1	東	tsuŋ	9	○	宗	祖冬切	9	宗	祖冬切
1	東	tsyuŋ	10	○	縱	將容切	10	縱	將容切
1	東	tsɦȕŋ	11	○	叢	徂紅切	11	叢	徂紅切
1	東	tsɦyȕŋ	12	○	從	牆容切	12	從	牆容切
1	東	ɦȕŋ	13	○	洪	胡公切	13	洪	胡公切
1	東	huŋ	14	○	烘	呼洪切	14	烘	呼洪切
1	東	khuŋ	15	○	空	苦紅切	15	空	苦紅切
1	東	kuŋ	16	○	公	古紅切	16	公	古紅切
1	東	ʔuŋ	17	○	翁	烏紅切	17	翁	烏紅切
1	東	fuŋ	18	○	風	方中切	18	風	方中切
1	東	fvȕŋ	19	○	馮	符中切	19	馮	符中切
1	東	syuŋ	20	○	松	息中切	20	松	息中切
1	東	tʃhyuŋ	21	○	充	昌中切	21	充	昌中切
1	東	tʃyuŋ	22	○	中	陟隆切	22	中	陟隆切
1	東	ʒyȕŋ	23	○	戎	而中切	23	戎	而中切
1	東	ʈʂɦȕŋ	24	○	崇	鉏中切	24	崇	鉏中切
1	東	tʃɦyȕŋ	25	○	蟲	持中切	25	蟲	持中切
1	東	jyȕŋ	26	○	融	以中切	26	融	以中切
1	東	ŋyȕŋ	27	○	顒	魚容切	27	顒	魚容切
1	東	kyuŋ	28	○	弓	居中切	28	弓	居中切
1	東	khyuŋ	29	○	穹	丘中切	29	穹	丘中切
1	東	kɦyȕŋ	30	○	窮	渠宮切	30	窮	渠宮切
1	東	nȕŋ	31	○	農	奴宗切	31	農	奴宗切
1	東	ʃyuŋ	32	○	舂	書容切	32	舂	書容切
1	東	hyuŋ	33	○	胷	許容切	33	胷	許容切
1	東	ʔyuŋ	34	○	邕	於容切	34	邕	於容切
1	東	ɦyȕŋ	35	○	雄	胡容切	35	雄	胡容切
1	支	tʃiɨ	36	二支¶¶	支	旨而切	36	支	旨而切
1	支	ʈʂɨ	36		葘	同上切	37	葘	莊持切
1	支	ʃiɨ	37	○	施	申之切	38	施	申之切
1	支	ʈʂhɨ	38	○	差	叉兹切	39	差	叉兹切
1	支	ʃʒiɨ̏	39	○	時	辰之切	40	時	辰之切
1	支	ɻ̏	40	○	兒	如支切	41	兒	如支切
1	支	sɨ	41	○	斯	相咨切	42	斯	相咨切
1	支	tshɨ	42	○	雌	此兹切	43	雌	此兹切
1	支	tsɨ	43	○	貲	津私切	44	貲	津私切
1	支	tsɦɨ̏	44	○	疵	才資切	45	疵	才資切
1	支	tʃi	45	○	知	珍而切	46	知	珍而切
1	支	tʃhi	46	○	摛	抽知切	47	摛	抽知切
1	支	tʃɦȉ	47	○	馳	陳知切	48	馳	陳知切
1	支	phi	48	○	紕	篇夷切	49	紕	篇夷切
1	支	pi	49	○	悲	逋眉切	50	悲	逋眉切
1	支	pɦȉ	50	○	皮	蒲糜切	51	皮	蒲麋切
1	支	mȉ	51	○	麋	忙皮切	52	麋	忙皮切
1	支	jȉ	52	○	夷	延知切	53	夷	延知切
1	支	kɦȉ	53	○	奇	渠宜切	54	奇	渠宜切
1	支	hi	54	○	羲	虛宜切	55	羲	虛宜切
1	支	ʔi	55	○	伊	於宜切	56	伊	於宜切
1	支	szɨ̏	56	○	詞	詳兹切	57	詞	詳兹切
1	支	vȉ	57	○	微	無非切	58	微	無非切
1	支	fvȉ	58	○	肥	符非切	59	肥	符非切
1	支	fi	59	○	霏	芳微切	60	霏	芳微切
1	齊	tsɦiɪ̏i	60	三齊¶¶	齊	前西切	61	齊	前西切
1	齊	siɪi	61	○	西	先齊切	62	西	先齊切
1	齊	tshiɪi	62	○	妻	千西切	63	妻	千西切
1	齊	tsiɪi	63	○	齎	牋西切	64	齎	牋西切
1	齊	tiɪi	64	○	氐	都黎切	65	氐	都黎切
1	齊	thiɪi	65	○	梯	天黎切	66	梯	天黎切
1	齊	tɦiɪ̏i	66	○	題	杜兮切	67	題	杜兮切
1	齊	niɪ̏i	67	○	泥	年題切	68	泥	年題切
1	齊	ŋiɪ̏i	68	○	倪	研奚切	69	倪	研奚切
1	齊	liɪ̏i	69	○	離	鄰溪切	70	離	鄰溪切
1	齊	kiɪi	70	○	雞	堅溪切	71	雞	堅溪切
1	齊	khiɪi	71	○	谿	牽奚切	72	谿	牽奚切
1	齊	ɦiɪ̏i	72	○	兮	弦雞切	73	兮	弦雞切
1	齊	miɪ̏i	73	○	迷	綿兮切	74	迷	綿衣切
1	齊	piɪi	74	○	篦	邊迷切	75	篦	邊迷切
1	齊	ʔiɪi	75	○	烓	淵畦切	76	烓	淵畦切
2	魚	ŋy̏	76	¶四魚¶¶	魚	牛居切	77	魚	牛居切
2	魚	jy̏	77	○	于	雲居切	78	于	雲俱切
2	魚	ʔy	78	○	於	衣虚切	79	於	衣虛切
2	魚	hy	79	○	虛	休居切	80	虛	休居切
2	魚	khy	80	○	區	丘於切	81	區	丘於切
2	魚	ky	81	○	居	斤於切	82	居	斤於切
2	魚	kɦy̏	82	○	渠	求於切	83	渠	求於切
2	魚	sy	83	○	胥	新於切	84	胥	新於切
2	魚	tsy	84	○	疽	子余切	85	疽	子余切
2	魚	szy̏	85	○	徐	祥於切	86	徐	祥於切
2	魚	ʃy	86	○	書	商居切	87	書	商居切
2	魚	tʃy	87	○	諸	専於切	88	諸	專於切
2	魚	tʃɦy̏	88	○	除	長魚切	89	除	長魚切
2	魚	ʃʒy̏	89	○	殊	尚朱切	90	殊	尚朱切
2	魚	ʒy̏	90	○	如	人余切	91	如	人余切
2	魚	ny̏	91	○	袽	女居切	92	袽	女居切
2	魚	tʃhy	92	○	樞	抽居切	93	樞	抽居切
2	魚	ly̏	93	○	閭	凌如切	94	閭	淩如切
2	魚	tshy	94	○	趨	逡須切	95	趨	逡須切
2	模	mȕ	95	五模¶¶	模	莫胡切	96	模	莫胡切
2	模	phu	96	○	鋪	滂模切	97	鋪	滂模切
2	模	pu	97	○	逋	奔謨切	98	逋	奔謨切
2	模	tsu	98	○	租	宗蘇切	99	租	宗蘇切
2	模	tsɦȕ	99	○	徂	叢租切	100	徂	叢租切
2	模	pɦȕ	100	○	蒲	薄胡切	101	蒲	薄胡切
2	模	tu	101	○	都	東徒切	102	都	東徒切
2	模	tɦȕ	102	○	徒	同都切	103	徒	同都切
2	模	lȕ	103	○	盧	龍都切	104	盧	龍都切
2	模	nȕ	104	○	奴	農都切	105	奴	農都切
2	模	ɦȕ	105	○	胡	洪孤切	106	胡	洪孤切
2	模	ku	106	○	孤	攻乎切	107	孤	攻乎切
2	模	khu	107	○	枯	空胡切	108	枯	空胡切
2	模	hu	108	○	呼	荒胡切	109	呼	荒胡切
2	模	ŋȕ	109	○	吾	訛胡切	110	吾	訛胡切
2	模	tshu	110	○	麤	倉胡切	111	麤	倉胡切
2	模	ʔu	111	○	烏	汪胡切	112	烏	汪胡切
2	模	su	112	○	蘇	孫租切	113	蘇	孫租切
2	模	ʈʂhu	113	○	初	楚徂切	114	初	楚徂切
2	模	ʂu	114	○	蔬	山徂切	115	蔬	山徂切
2	模	fu	115	○	敷	芳無切	116	敷	芳無切
2	模	fvȕ	116	○	扶	逢夫切	117	扶	逢夫切
2	模	vȕ	117	○	無	微夫切	118	無	微夫切
2	皆	kiai	118	六皆¶¶	皆	居諧切	119	皆	居諧切
2	皆	khiai	119	○	𦂄	丘皆切	120	𦂄	丘皆切
2	皆	ɦiȁi	120	○	諧	雄皆切	121	諧	雄皆切
2	皆	kwai	121	○	乖	公懐切	122	乖	公懷切
2	皆	ɦwȁi	122	○	懷	乎乖切	123	懷	乎乖切
2	皆	ʈʂhai	123	○	差	初皆切	124	差	初皆切
2	皆	ʈʂai	124	○	齋	莊皆切	125	齋	莊皆切
2	皆	ʈʂɦȁi	125	○	豺	牀皆切	126	豺	牀皆切
2	皆	pɦȁi	126	○	排	步皆切	127	排	步皆切
2	皆	mȁi	127	○	埋	謨皆切	128	埋	謨皆切
2	皆	ʂai	128	○	簁	所皆切	129	簁	所皆切
2	皆	(ŋ)jiȁi	129	○	涯	宜皆切	130	涯	宜皆切
2	皆	hai	130	○	咍	呼來切	131	咍	呼來切
2	皆	khai	131	○	開	丘哀切	132	開	丘哀切
2	皆	kai	132	○	該	柯開切	133	該	柯開切
2	皆	ɦȁi	133	○	孩	何開切	134	孩	何開切
2	皆	ʔai	134	○	哀	於開切	135	哀	於開切
2	皆	ŋȁi	135	○	皚	魚開切	136	皚	魚開切
2	皆	thai	136	○	胎	湯來切	137	胎	湯來切
2	皆	tɦȁi	137	○	臺	堂來切	138	臺	堂來切
2	皆	nȁi	138	○	能	囊來切	139	能	囊來切
2	皆	lȁi	139	○	來	郎才切	140	來	郎才切
2	皆	sai	140	○	䚡	桑才切	141	䚡	桑才切
2	皆	tshai	141	○	猜	倉才切	142	猜	倉才切
2	皆	tsai	142	○	哉	將來切	143	哉	將來切
2	皆	tsɦȁi	143	○	裁	牆來切	144	裁	牆來切
2	灰	hui	144	七灰¶¶	灰	呼回切	145	灰	呼回切
2	灰	khui	145	○	恢	枯回切	146	恢	枯回切
2	灰	ʔui	146	○	煨	烏魁切	147	煨	烏魁切
2	灰	kui	147	○	傀	姑回切	148	傀	姑回切
2	灰	kui	148	○	規	居爲切	149	規	居爲切
2	灰	ɦȕi	149	○	回	胡瑰切	150	回	胡瑰切
2	灰	ŋȕi	150	○	危	吾回切	151	危	吾回切
2	灰	tui	151	○	堆	都回切	152	堆	都回切
2	灰	thui	152	○	推	通回切	153	推	通回切
2	灰	tɦȕi	153	○	隤	徒回切	154	隤	徒回切
2	灰	lȕi	154	○	雷	盧回切	155	雷	盧回切
2	灰	tshui	155	○	崔	倉回切	156	崔	倉回切
2	灰	pui	156	○	杯	晡回切	157	杯	晡回切
2	灰	phui	157	○	丕	鋪杯切	158	丕	鋪杯切
2	灰	mȕi	158	○	枚	謨杯切	159	枚	謨杯切
2	灰	tʃɦȕi	159	○	垂	直追切	160	垂	直追切
2	灰	szȕi	160	○	隨	旬威切	161	隨	旬威切
2	灰	tʃui	161	○	隹	朱惟切	162	隹	朱惟切
2	灰	ʒȕi	162	○	甤	如佳切	163	甤	如隹切
2	灰	sui	163	○	雖	蘇回切	164	雖	蘇回切
2	灰	ȕi	164	○	爲	于嬀切	165	爲	于嬀切
2	灰	kɦȕi	165	○	葵	渠爲切	166	葵	渠爲切
2	灰	tsui	166	○	嗺	遵綏切	167	嗺	遵綏切
2	灰	pɦȕi	167	○	裴	蒲枚切	168	裴	蒲枚切
2	灰	ʂui	168	○	衰	所追切	169	衰	所追切
2	灰	ʒȕi	169	○	痿	儒隹切	170	痿	儒隹切
2	灰	tsui	170	○	厜	津垂切	171	厜	津垂切
2	灰	ʃʒȕi	171	○	誰	視隹切	172	誰	視隹切
2	灰	hui	172	○	睢	翾圭切	173	睢	翾圭切
2	灰	tʃhui	173	○	吹	昌垂切	174	吹	昌垂切
2	灰	tsɦȕi	174	○	摧	徂回切	175	摧	徂回切
3	真	tʃin	175	¶八真¶¶	眞	之人切	176	眞	之人切
3	真	ʃin	176	○	申	升人切	177	申	升人切
3	真	tʃhin	177	○	瞋	稱人切	178	瞋	稱人切
3	真	ʃʒȉn	178	○	辰	丞眞切	179	辰	丞真切
3	真	ʒȉn	179	○	人	而鄰切	180	人	而鄰切
3	真	sin	180	○	辛	斯鄰切	181	辛	斯鄰切
3	真	tshin	181	○	親	七人切	182	親	七人切
3	真	tsin	182	○	津	資辛切	183	津	資辛切
3	真	tsɦȉn	183	○	秦	慈鄰切	184	秦	慈鄰切
3	真	phin	184	○	繽	紕民切	185	繽	紕民切
3	真	pin	185	○	賔	卑民切	186	賔	卑民切
3	真	pɦȉn	186	○	頻	毗賔切	187	頻	毗賓切
3	真	mȉn	187	○	民	彌鄰切	188	民	彌鄰切
3	真	tʃɦȉn	188	○	陳	池鄰切	189	陳	池鄰切
3	真	lȉn	189	○	鄰	離珍切	190	鄰	龍珍切
3	真	ʔin	190	○	因	伊眞切	191	因	伊真切
3	真	ʔyun	191	○	氲	紆倫切	192	氳	紆倫切
3	真	nȉn	192	○	紉	尼鄰切	193	紉	尼鄰切
3	真	jyȕn	193	○	雲	于分切	194	雲	于分切
3	真	kyun	194	○	鈞	規倫切	195	鈞	規倫切
3	真	kin	195	○	巾	居銀切	196	巾	居銀切
3	真	kɦȉn	196	○	勤	渠巾切	197	勤	渠巾切
3	真	(ŋ)jȉn	197	○	銀	魚巾切	198	銀	魚巾切
3	真	khyun	198	○	囷	區倫切	199	囷	區倫切
3	真	hyun	199	○	熏	許云切	200	熏	許云切
3	真	kɦyȕn	199		羣	渠云切	201	羣	渠云切
3	真	hin	200	○	欣	許斤切	202	欣	許斤切
3	真	tʃyun	201	○	諄	朱倫切	203	諄	朱倫切
3	真	tʃhyun	202	○	春	樞倫切	204	春	樞倫切
3	真	ʃʒyȕn	203	○	純	殊倫切	205	純	殊倫切
3	真	syun	204	○	荀	須倫切	206	荀	須倫切
3	真	tshyun	205	○	逡	七倫切	207	逡	七倫切
3	真	tsɦȕn	206	○	存	徂尊切	208	存	徂尊切
3	真	szyȕn	207	○	旬	詳倫切	209	旬	辭倫切
3	真	lyȕn	208	○	倫	龍春切	210	倫	龍春切
3	真	vȕn	209	○	文	無分切	211	文	無分切
3	真	fun	210	○	芬	敷文切	212	芬	敷文切
3	真	fvȕn	211	○	汾	符分切	213	汾	符分切
3	真	ɦȕn	212	○	䰟	胡昆切	214	䰟	胡昆切
3	真	kun	213	○	昆	公渾切	215	昆	公渾切
3	真	ʔun	214	○	溫	烏昆切	216	溫	烏昆切
3	真	hun	215	○	昏	呼昆切	217	昏	呼昆切
3	真	khun	216	○	坤	枯昆切	218	坤	枯昆切
3	真	pun	217	○	奔	逋昆切	219	奔	逋昆切
3	真	phun	218	○	歕	鋪䰟切	220	歕	浦魂切
3	真	pɦȕn	219	○	盆	蒲奔切	221	盆	蒲奔切
3	真	mȕn	220	○	門	謨奔切	222	門	謨奔切
3	真	sun	221	○	孫	蘇昆切	223	孫	蘇昆切
3	真	tshun	222	○	村	倉尊切	224	村	倉尊切
3	真	tsun	223	○	尊	租昆切	225	尊	租昆切
3	真	thun	224	○	暾	他昆切	226	暾	他昆切
3	真	tɦȕn	225	○	屯	徒孫切	227	屯	徒孫切
3	真	lȕn	226	○	論	盧昆切	228	論	盧昆切
3	真	tun	227	○	敦	都昆切	229	敦	都昆切
3	真	ʈʂən	228	○	臻	側詵切	230	臻	側詵切
3	真	ʂən	229	○	莘	疏臻切	231	莘	疏臻切
3	真	ʈʂɦə̏n	230	○	榛	鉏臻切	232	榛	鉏臻切
3	真	ɦə̏n	231	○	痕	胡恩切	233	痕	胡恩切
3	真	kən	232	○	根	古痕切	234	根	古痕切
3	真	ʔən	233	○	恩	烏痕切	235	恩	烏痕切
3	真	ŋə̏n	234	○	垠	五根切	236	垠	五根切
3	寒	ɦɔ̏n	235	九寒¶¶	寒	河干切	237	寒	河干切
3	寒	ŋɔ̏n	235		豻	俄寒切	238	豻	俄寒切
3	寒	khɔn	236	○	看	丘寒切	239	看	丘寒切
3	寒	kɔn	237	○	干	居寒切	240	干	居寒切
3	寒	ʔɔn	238	○	安	於寒切	241	安	於寒切
3	寒	hwɔn	239	○	歡	呼官切	242	歡	呼官切
3	寒	khwɔn	240	○	寬	枯官切	243	寬	枯官切
3	寒	kwɔn	241	○	官	沽歡切	244	官	沽歡切
3	寒	ʔwɔn	242	○	剜	爲歡切	245	剜	烏歡切
3	寒	ŋwɔ̏n	243	○	岏	吾官切	246	岏	吾官切
3	寒	phwɔn	244	○	潘	鋪官切	247	潘	鋪官切
3	寒	pwɔn	245	○	般	逋潘切	248	般	逋潘切
3	寒	pɦwɔ̏n	246	○	槃	蒲官切	249	槃	蒲官切
3	寒	pɦwɔ̏n	247	○	般	NA	249	般	NA
3	寒	mwɔ̏n	248	○	瞞	謨官切	250	瞞	謨官切
3	寒	swɔn	249	○	酸	蘇官切	251	酸	蘇官切
3	寒	tswɔn	250	○	鑽	祖官切	252	鑽	祖官切
3	寒	tsɦwɔ̏n	251	○	欑	徂官切	253	欑	徂官切
3	寒	twɔn	252	○	端	多官切	254	端	多官切
3	寒	thwɔn	253	○	湍	他官切	255	湍	他官切
3	寒	tɦwɔ̏n	254	○	團	徒官切	256	團	徒官切
3	寒	lwɔ̏n	255	○	鸞	盧官切	257	鸞	盧官切
3	寒	ɦwɔ̏n	256	○	桓	胡官切	258	桓	胡官切
3	寒	hɔn	257	○	暵	許干切	259	暵	許干切
3	刪	ʂan	258	十刪¶¶	刪	師姦切	260	刪	師姦切
3	刪	swan	259	○	散	相關切	261	散	相關切
3	刪	kwan	260	○	關	姑還切	262	關	姑還切
3	刪	ʔwan	261	○	彎	烏還切	263	彎	烏還切
3	刪	ɦwȁn	262	○	還	胡關切	264	還	胡關切
3	刪	ʈʂwan	263	○	跧	阻頑切	265	跧	阻頑切
3	刪	kian	264	○	姦	居顔切	266	姦	居顔切
3	刪	kian	265	○	菅	NA	266	菅	NA
3	刪	(ŋ)jiȁn	266	○	顏	牛姦切	267	顏	牛姦切
3	刪	ŋwȁn	267	○	頑	五還切	268	頑	五還切
3	刪	pan	268	○	班	逋還切	269	班	逋還切
3	刪	pan	269	○	斒	逋閑切	270	斒	逋閑切
3	刪	(ŋ)jiȁn	270	○	虤	五閑切	271	虤	五閑切
3	刪	phan	271	○	攀	披班切	272	攀	披班切
3	刪	mȁn	272	○	蠻	謨還切	273	蠻	謨還切
3	刪	ʈʂɦȁn	273	○	潺	鉏山切	274	潺	鉏山切
3	刪	tshan	274	○	餐	千山切	275	餐	千山切
3	刪	lȁn	275	○	斕	離閑切	276	斕	離閑切
3	刪	lɔ̏n	275		闌	郎干切	276_no_siewx_ghiunh_separator	闌	郎干切
3	刪	ɦiȁn	276	○	閑	何艱切	277	閑	何艱切
3	刪	pɦȁn	277	○	瓣	蒲閑切	278	瓣	蒲閑切
3	刪	khian	278	○	慳	丘閑切	279	慳	丘閑切
3	刪	ʔian	279	○	黫	烏閑切	280	黫	烏閑切
3	刪	fan	280	○	翻	孚艱切	281	翻	孚艱切
3	刪	fvȁn	281	○	煩	符艱切	282	煩	符艱切
3	刪	tsɦȁn	282	○	殘	財艱切	283	殘	財艱切
3	刪	tan	283	○	單	都艱切	284	單	都艱切
3	刪	than	284	○	灘	他丹切	285	灘	他丹切
3	刪	tɦȁn	285	○	壇	唐闌切	286	壇	唐闌切
3	刪	hwan	286	○	儇	呼關切	287	儇	呼關切
3	刪	nȁn	287	○	難	那壇切	288	難	那壇切
3	刪	ʂwan	288	○	𣠯	數還切	289	𣟴	數還切
4	先	siɛn	289	¶十一先¶¶	先	蘇前切	290	先	蘇前切
4	先	thiɛn	289		天	他前切	291	天	他前切
4	先	tshiɛn	289		千	倉先切	292	千	倉先切
4	先	tsiɛn	290	○	箋	則前切	293	箋	則前切
4	先	tsɦiɛ̏n	291	○	前	才先切	294	前	才先切
4	先	piɛn	292	○	邊	卑眠切	295	邊	卑眠切
4	先	phiɛn	293	○	篇	紕連切	296	篇	紕連切
4	先	miɛ̏n	294	○	眠	莫堅切	297	眠	莫堅切
4	先	tiɛn	295	○	顚	多年切	298	顚	多年切
4	先	tɦiɛ̏n	296	○	田	亭年切	299	田	亭年切
4	先	niɛ̏n	297	○	年	寧田切	300	年	寧田切
4	先	liɛ̏n	298	○	蓮	靈年切	301	蓮	靈年切
4	先	kiɛn	299	○	堅	經天切	302	堅	經天切
4	先	khiɛn	300	○	牽	苦堅切	303	牽	苦堅切
4	先	ɦiɛ̏n	301	○	賢	胡田切	304	賢	胡田切
4	先	jiɛ̏n	302	○	延	夷然切	305	延	夷然切
4	先	ʔiɛn	303	○	煙	因肩切	306	煙	因肩切
4	先	kyuɛn	304	○	涓	圭淵切	307	涓	圭淵切
4	先	tʃɦyuɛ̏n	305	○	椽	重圓切	308	椽	重圓切
4	先	ɦyuɛ̏n	306	○	玄	胡涓切	309	玄	胡涓切
4	先	lyuɛ̏n	307	○	攣	閭圓切	310	攣	閭圓切
4	先	ʔyuɛn	308	○	淵	縈圓切	311	淵	縈圓切
4	先	ʒiɛ̏n	309	○	然	如延切	312	然	如延切
4	先	sziɛ̏n	310	○	涎	徐延切	313	涎	徐延切
4	先	ʃiɛn	311	○	羶	尸連切	314	羶	尸連切
4	先	ʃʒiɛ̏n	312	○	鋋	時連切	315	鋋	時連切
4	先	tʃiɛn	313	○	饘	諸延切	316	饘	諸延切
4	先	tʃɦiɛ̏n	314	○	蟬	呈延切	317	蟬	呈延切
4	先	ʈʂɦȁn	315	○	潺	鋤連切	318	潺	鋤連切
4	先	tʃhiɛn	316	○	梴	抽延切	319	梴	抽延切
4	先	hiɛn	317	○	軒	虛延切	320	軒	虛延切
4	先	kɦiɛ̏n	318	○	乾	渠焉切	321	乾	渠焉切
4	先	pɦiɛ̏n	319	○	緶	蒲眠切	322	緶	蒲眠切
4	先	syuɛn	320	○	宣	息縁切	323	宣	息緣切
4	先	tshyuɛn	321	○	詮	且緣切	324	詮	且緣切
4	先	tsyuɛn	322	○	鐫	子全切	325	鐫	子全切
4	先	szyuɛ̏n	323	○	旋	旬緣切	326	旋	旬緣切
4	先	tsɦyuɛ̏n	324	○	全	才緣切	327	全	才緣切
4	先	tʃhyuɛn	325	○	穿	昌緣切	328	穿	昌緣切
4	先	tʃyuɛn	326	○	專	朱緣切	329	專	朱緣切
4	先	ʒyuɛ̏n	327	○	𤲬	而宣切	330	𤲬	而宣切
4	先	hyuɛn	328	○	暄	呼淵切	331	暄	呼淵切
4	先	jyuɛ̏n	329	○	員	于權切	332	員	于權切
4	先	jyuɛ̏n	330	○	元	NA	332	元	NA
4	先	khyuɛn	331	○	圈	驅圓切	333	圈	驅圓切
4	先	kɦyuɛ̏n	332	○	權	逵員切	334	權	逵員切
4	蕭	siɛw	333	十二蕭¶¶	蕭	先彫切	335	蕭	先彫切
4	蕭	tiɛw	334	○	貂	丁聊切	336	貂	丁聊切
4	蕭	thiɛw	335	○	祧	他彫切	337	祧	他彫切
4	蕭	tɦiɛ̏w	336	○	迢	田聊切	338	迢	田聊切
4	蕭	liɛ̏w	337	○	聊	連條切	339	聊	連條切
4	蕭	kiɛw	338	○	驍	堅堯切	340	驍	堅堯切
4	蕭	ʔiɛw	339	○	幺	伊堯切	341	幺	伊堯切
4	蕭	khiɛw	340	○	橇	丘妖切	342	橇	丘妖切
4	蕭	tshiɛw	341	○	篍	此遥切	343	篍	此遙切
4	蕭	tsiɛw	342	○	焦	玆消切	344	焦	兹消切
4	蕭	tsɦiɛ̏w	343	○	樵	慈消切	345	樵	慈消切
4	蕭	piɛw	344	○	猋	卑遥切	346	猋	卑遙切
4	蕭	phiɛw	345	○	漂	紕招切	347	漂	紕招切
4	蕭	pɦiɛ̏w	346	○	瓢	毗招切	348	瓢	毗招切
4	蕭	miɛ̏w	347	○	苗	眉鑣切	349	苗	眉鑣切
4	蕭	ʃiɛw	348	○	燒	尸昭切	350	燒	尸昭切
4	蕭	tʃhiɛw	349	○	弨	蚩招切	351	弨	蚩招切
4	蕭	tʃiɛw	350	○	昭	之遙切	352	昭	之遙切
4	蕭	ʃʒiɛ̏w	351	○	韶	時昭切	353	韶	時招切
4	蕭	ʒiɛ̏w	352	○	饒	如招切	354	饒	如招切
4	蕭	tʃɦiɛ̏w	353	○	潮	馳遙切	355	潮	馳遙切
4	蕭	jiɛ̏w	354	○	堯	餘招切	356	堯	餘招切
4	蕭	kɦiɛ̏w	355	○	橋	祁堯切	357	橋	祁堯切
4	蕭	hiɛw	356	○	鴞	吁驕切	358	鴞	吁驕切
4	爻	ɦiȁw	357	十三爻¶¶	爻	何交切	359	爻	何交切
4	爻	kiaw	358	○	交	居肴切	360	交	居肴切
4	爻	khiaw	359	○	敲	丘交切	361	敲	丘交切
4	爻	hiaw	360	○	哮	虚交切	362	哮	虛交切
4	爻	ʔiaw	361	○	坳	於交切	363	坳	於交切
4	爻	paw	362	○	包	班交切	364	包	班交切
4	爻	phaw	363	○	胞	披交切	365	胞	披交切
4	爻	pɦȁw	364	○	庖	蒲交切	366	庖	蒲交切
4	爻	mȁw	365	○	茅	謨交切	367	茅	謨交切
4	爻	mȁw	365		毛	莫襃切	367_no_siewx_ghiunh_separator	毛	NA
4	爻	ʂaw	366	○	梢	所交切	368	梢	所交切
4	爻	ʈʂhaw	367	○	䜈	楚交切	369	䜈	楚交切
4	爻	ʈʂɦȁw	368	○	巢	鋤交切	370	巢	鋤交切
4	爻	ʈʂaw	369	○	嘲	陟交切	371	嘲	陟交切
4	爻	nȁw	370	○	鐃	尼交切	372	鐃	尼交切
4	爻	ɦȁw	371	○	豪	胡刀切	373	豪	胡刀切
4	爻	haw	372	○	蒿	呼髙切	374	蒿	呼高切
4	爻	kaw	373	○	高	姑勞切	375	高	姑勞切
4	爻	ʔaw	374	○	鏖	於刀切	376	鏖	於刀切
4	爻	ŋȁw	375	○	敖	牛刀切	377	敖	牛刀切
4	爻	paw	376	○	襃	博毛切	378	襃	博毛切
4	爻	saw	377	○	騷	蘇曹切	379	騷	蘇曹切
4	爻	tshaw	378	○	操	倉刀切	380	操	倉刀切
4	爻	tsaw	379	○	遭	則刀切	381	遭	則刀切
4	爻	tsɦȁw	380	○	曹	財勞切	382	曹	財勞切
4	爻	taw	381	○	刀	都髙切	383	刀	都高切
4	爻	thaw	382	○	饕	他刀切	384	饕	他刀切
4	爻	tɦȁw	383	○	匋	徒刀切	385	匋	徒刀切
4	爻	lȁw	384	○	勞	郎刀切	386	勞	郎刀切
4	爻	nȁw	385	○	猱	奴刀切	387	猱	奴刀切
4	爻	khaw	386	○	尻	若高切	388	尻	苦高切
4	歌	kɔ	387	十四歌¶¶	歌	居何切	389	歌	居何切
4	歌	khɔ	388	○	珂	丘何切	390	珂	丘何切
4	歌	hɔ	389	○	訶	虎何切	391	訶	虎何切
4	歌	ʔɔ	390	○	阿	於何切	392	阿	於何切
4	歌	ɦɔ̏	391	○	何	寒歌切	393	何	寒歌切
4	歌	ŋɔ̏	392	○	莪	牛何切	394	莪	牛何切
4	歌	sɔ	393	○	娑	桑何切	395	娑	桑何切
4	歌	tshɔ	394	○	蹉	倉何切	396	蹉	倉何切
4	歌	tsɦɔ̏	395	○	醝	才何切	397	醝	才何切
4	歌	tɔ	396	○	多	得何切	398	多	得何切
4	歌	thɔ	397	○	佗	湯何切	399	佗	湯何切
4	歌	tɦɔ̏	398	○	駝	唐何切	400	駝	唐何切
4	歌	lɔ̏	399	○	羅	郎何切	401	羅	郎何切
4	歌	nɔ̏	400	○	那	奴何切	402	那	奴何切
4	歌	kwɔ	401	○	戈	古禾切	403	戈	古禾切
4	歌	khwɔ	402	○	科	苦禾切	404	科	苦禾切
4	歌	ʔwɔ	403	○	渦	烏禾切	405	渦	烏禾切
4	歌	ɦwɔ̏	404	○	和	戸戈切	406	和	戶戈切
4	歌	ŋwɔ̏	405	○	訛	吾禾切	407	訛	吾禾切
4	歌	pwɔ	406	○	波	補禾切	408	波	補禾切
4	歌	phwɔ	407	○	頗	普禾切	409	頗	普禾切
4	歌	pɦwɔ̏	408	○	媻	蒲禾切	410	媻	蒲禾切
4	歌	mwɔ̏	409	○	摩	眉波切	411	摩	眉波切
5	麻	mȁ	410	¶十五麻¶¶	麻	謨加切	412	麻	謨加切
5	麻	pha	411	○	葩	披巴切	413	葩	披巴切
5	麻	pa	412	○	巴	邦加切	414	巴	邦加切
5	麻	pɦȁ	413	○	杷	蒲巴切	415	杷	蒲巴切
5	麻	ʂa	414	○	沙	師加切	416	沙	師加切
5	麻	ʈʂha	415	○	叉	初加切	417	叉	初加切
5	麻	ʈʂa	416	○	樝	莊加切	418	樝	莊加切
5	麻	ʈʂwa	417	○	檛	職瓜切	419	檛	職瓜切
5	麻	ʈʂɦȁ	418	○	槎	鋤加切	420	槎	鋤加切
5	麻	nȁ	419	○	拏	女加切	421	拏	奴加切
5	麻	ɦiȁ	420	○	遐	何加切	422	遐	何加切
5	麻	hia	421	○	呀	虚加切	423	呀	虛加切
5	麻	khia	422	○	呿	丘加切	424	呿	丘加切
5	麻	kia	423	○	嘉	居牙切	425	嘉	居牙切
5	麻	kɦiȁ	424	○	伽	具牙切	426	伽	具牙切
5	麻	ʔia	425	○	鴉	於加切	427	鴉	於加切
5	麻	(ŋ)jiȁ	426	○	牙	牛加切	428	牙	牛加切
5	麻	ɦwȁ	427	○	華	胡瓜切	429	華	胡瓜切
5	麻	hwa	428	○	花	呼瓜切	430	花	呼瓜切
5	麻	khwa	429	○	誇	枯瓜切	431	誇	枯瓜切
5	麻	kwa	430	○	瓜	古華切	432	瓜	古華切
5	麻	ʔwa	431	○	窊	烏瓜切	433	窊	烏瓜切
5	遮	tʃiɛ	432	十六遮¶¶	遮	之奢切	434	遮	之奢切
5	遮	ʃiɛ	433	○	奢	詩遮切	435	奢	詩遮切
5	遮	siɛ	434	○	些	思遮切	436	些	思遮切
5	遮	tʃhiɛ	435	○	車	昌遮切	437	車	昌遮切
5	遮	tsiɛ	436	○	嗟	咨邪切	438	嗟	咨邪切
5	遮	sziɛ̏	437	○	邪	徐嗟切	439	邪	徐嗟切
5	遮	ʃʒiɛ̏	438	○	蛇	石遮切	440	蛇	石遮切
5	遮	jiɛ̏	439	○	耶	于遮切	441	耶	于遮切
5	遮	kɦiɛ̏	440	○	茄	具遮切	442	茄	具遮切
5	遮	tiɛ	441	○	爹	丁邪切	443	爹	丁邪切
5	遮	hyɛ	442	○	靴	毁遮切	444	靴	毀遮切
5	遮	kɦyɛ̏	443	○	瘸	巨靴切	445	瘸	巨靴切
5	陽	jiɑ̏ŋ	444	十七陽¶¶	陽	移章切	446	陽	移章切
5	陽	fɑŋ	445	○	芳	敷房切	447	芳	敷房切
5	陽	fvɑ̏ŋ	446	○	房	符方切	448	房	符方切
5	陽	vɑ̏ŋ	447	○	亡	無方切	449	亡	無方切
5	陽	siɑŋ	448	○	襄	息良切	450	襄	息良切
5	陽	tshiɑŋ	449	○	鏘	千羊切	451	鏘	千羊切
5	陽	tsiɑŋ	450	○	將	資良切	452	將	資良切
5	陽	sziɑ̏ŋ	451	○	詳	徐羊切	453	詳	徐羊切
5	陽	tsɦiɑ̏ŋ	452	○	牆	慈良切	454	牆	慈良切
5	陽	ʃiɑŋ	453	○	商	尸羊切	455	商	尸羊切
5	陽	tʃhiɑŋ	454	○	昌	齒良切	456	昌	齒良切
5	陽	tʃiɑŋ	455	○	章	止良切	457	章	止良切
5	陽	ʃʒiɑ̏ŋ	456	○	常	陳羊切	458	常	陳羊切
5	陽	ʒiɑ̏ŋ	457	○	穰	如羊切	459	穰	如羊切
5	陽	niɑ̏ŋ	457		娘	友良切	460	娘	女良切
5	陽	ʂwɑŋ	458	○	霜	師莊切	461	霜	師莊切
5	陽	ʈʂhwɑŋ	459	○	瘡	初莊切	462	瘡	初莊切
5	陽	ʈʂwɑŋ	460	○	莊	側霜切	463	莊	側霜切
5	陽	ʈʂɦwɑ̏ŋ	461	○	牀	助莊切	464	牀	助莊切
5	陽	tʃɦiɑ̏ŋ	462	○	長	仲良切	465	長	仲良切
5	陽	liɑ̏ŋ	463	○	良	龍張切	466	良	龍張切
5	陽	hiɑŋ	464	○	香	虚良切	467	香	虛良切
5	陽	khiɑŋ	465	○	羌	驅羊切	468	羌	驅羊切
5	陽	kiɑŋ	466	○	薑	居良切	469	薑	居良切
5	陽	kɦiɑ̏ŋ	467	○	彊	渠良切	470	彊	渠良切
5	陽	ʔiɑŋ	468	○	央	於良切	471	央	於良切
5	陽	wɑ̏ŋ	469	○	王	于方切	472	王	于方切
5	陽	kɦwɑ̏ŋ	470	○	狂	渠王切	473	狂	渠王切
5	陽	khwɑŋ	471	○	匡	曲王切	474	匡	曲王切
5	陽	tɦɑ̏ŋ	472	○	唐	徒郎切	475	唐	徒郎切
5	陽	tɑŋ	473	○	當	都郎切	476	當	都郎切
5	陽	thɑŋ	474	○	湯	他郎切	477	湯	他郎切
5	陽	lɑ̏ŋ	475	○	郎	魯堂切	478	郎	魯堂切
5	陽	lɑ̏ŋ	476	○	鋃	NA	478	鋃	NA
5	陽	lɑ̏ŋ	477	○	瀧	同上切	478	瀧	NA
5	陽	nɑ̏ŋ	478	○	囊	奴當切	479	囊	奴當切
5	陽	phɑŋ	479	○	滂	普郎切	480	滂	普郎切
5	陽	pɦɑ̏ŋ	480	○	旁	蒲光切	481	旁	蒲光切
5	陽	mɑ̏ŋ	481	○	茫	謨郎切	482	茫	謨郎切
5	陽	mɑ̏ŋ	482	○	尨	NA	482	尨	NA
5	陽	sɑŋ	483	○	桑	蘇郎切	483	桑	蘇郎切
5	陽	tshɑŋ	484	○	倉	千剛切	484	倉	千剛切
5	陽	tsɑŋ	485	○	臧	兹郎切	485	臧	兹郎切
5	陽	tsɦɑ̏ŋ	486	○	藏	徂郎切	486	藏	徂郎切
5	陽	khɑŋ	487	○	康	丘剛切	487	康	丘剛切
5	陽	kɑŋ	488	○	岡	居郎切	488	岡	居郎切
5	陽	ŋɑ̏ŋ	489	○	卬	五剛切	489	卬	五剛切
5	陽	ɦɑ̏ŋ	490	○	杭	胡剛切	490	杭	胡剛切
5	陽	ʔwɑŋ	491	○	汪	烏光切	491	汪	烏光切
5	陽	hwɑŋ	492	○	荒	呼光切	492	荒	呼光切
5	陽	kwɑŋ	493	○	光	姑黄切	493	光	姑黃切
5	陽	ɦwɑ̏ŋ	494	○	黄	胡光切	494	黃	胡光切
5	陽	pɑŋ	495	○	邦	博旁切	495	邦	搏旁切
5	陽	ɦiɑ̏ŋ	496	○	降	胡江切	496	降	胡江切
5	陽	hiɑŋ	497	○	舡	許江切	497	舡	許江切
6	庚	kəŋ	498	¶十八庚¶¶	庚	古衡切	498	庚	古衡切
6	庚	khəŋ	499	○	阬	丘庚切	499	阬	丘庚切
6	庚	mə̏ŋ	500	○	盲	眉庚切	500	盲	眉庚切
6	庚	həŋ	501	○	亨	虚庚切	501	亨	虛庚切
6	庚	ɦiə̏ŋ	502	○	行	何庚切	502	行	何庚切
6	庚	ɦwə̏ŋ	503	○	橫	胡盲切	503	橫	胡盲切
6	庚	kwəŋ	504	○	觥	姑横切	504	觥	姑橫切
6	庚	phəŋ	505	○	烹	普庚切	505	烹	普庚切
6	庚	pɦə̏ŋ	506	○	彭	蒲庚切	506	彭	蒲庚切
6	庚	ʈʂhəŋ	507	○	崢	抽庚切	507	崢	抽庚切
6	庚	ʈʂɦə̏ŋ	508	○	棖	除庚切	508	棖	除庚切
6	庚	piŋ	509	○	兵	補明切	509	兵	補明切
6	庚	pɦȉŋ	510	○	平	蒲明切	510	平	蒲明切
6	庚	mȉŋ	511	○	明	眉兵切	511	明	眉兵切
6	庚	ʂəŋ	512	○	生	師庚切	512	生	師庚切
6	庚	kiŋ	513	○	京	居卿切	513	京	居卿切
6	庚	kiŋ	514	○	經	堅丁切	513_no_siewx_ghiunh_separator	經	堅丁切
6	庚	khiŋ	515	○	卿	丘京切	514	卿	丘京切
6	庚	kɦȉŋ	516	○	勍	渠京切	515	勍	渠京切
6	庚	ʔiŋ	517	○	英	於京切	516	英	於京切
6	庚	jyuə̏ŋ	518	○	榮	于平切	517	榮	于平切
6	庚	ʈʂɦə̏ŋ	519	○	傖	士耕切	518	傖	士耕切
6	庚	hyuəŋ	520	○	兄	呼榮切	519	兄	呼榮切
6	庚	hwəŋ	521	○	鍧	呼宏切	520	鍧	呼宏切
6	庚	ʈʂəŋ	522	○	爭	甾耕切	521	爭	甾耕切
6	庚	nə̏ŋ	523	○	能	奴登切	522	能	奴登切
6	庚	nȉŋ	523		寧	奴經切	523	寧	奴經切
6	庚	pəŋ	524	○	絣	𥙷耕切	524	絣	補耕切
6	庚	phəŋ	525	○	娉	彼耕切	525	娉	彼耕切
6	庚	tshiŋ	526	○	清	七情切	526	清	七情切
6	庚	tsiŋ	527	○	精	子盈切	527	精	子盈切
6	庚	szȉŋ	528	○	餳	徐盈切	528	餳	徐盈切
6	庚	tsɦȉŋ	529	○	情	慈盈切	529	情	慈盈切
6	庚	syuəŋ	530	○	觪	思營切	530	觪	思營切
6	庚	ʃiŋ	531	○	聲	書征切	531	聲	書征切
6	庚	tʃiŋ	532	○	征	諸成切	532	征	諸成切
6	庚	tʃɦȉŋ	533	○	成	時征切	533	成	時征切
6	庚	tʃɦȉŋ	534	○	澄	NA	533	澄	NA
6	庚	tʃhiŋ	535	○	檉	丑成切	534	檉	丑成切
6	庚	lȉŋ	536	○	令	離呈切	535	令	離呈切
6	庚	jȉŋ	537	○	盈	餘輕切	536	盈	餘輕切
6	庚	ɦȉŋ	537		形	奚經切	537	形	奚經切
6	庚	khyuəŋ	538	○	傾	窺營切	538	傾	窺營切
6	庚	kɦyuə̏ŋ	539	○	瓊	渠營切	539	瓊	渠營切
6	庚	kɦyuə̏ŋ	540	○	嬛	NA	539	嬛	NA
6	庚	siŋ	541	○	星	先青切	540	星	先青切
6	庚	tiŋ	541		丁	當經切	541	丁	當經切
6	庚	thiŋ	542	○	聽	他經切	542	聽	他經切
6	庚	tɦȉŋ	543	○	庭	唐丁切	543	庭	唐丁切
6	庚	hiŋ	543		馨	醯經切	544	馨	醯經切
6	庚	kyuəŋ	544	○	扃	涓熒切	545	扃	涓熒切
6	庚	ʃʒȉŋ	545	○	繩	神陵切	546	繩	神陵切
6	庚	ʒȉŋ	546	○	仍	如陵切	547	仍	如陵切
6	庚	ŋȉŋ	547	○	凝	魚陵切	548	凝	魚陵切
6	庚	hiŋ	547		興	虚陵切	549	興	虛陵切
6	庚	təŋ	547		登	都騰切	550	登	都騰切
6	庚	tɦə̏ŋ	548	○	騰	徒登切	551	騰	徒登切
6	庚	lə̏ŋ	548		棱	盧登切	552	棱	盧登切
6	庚	səŋ	549	○	僧	思登切	553	僧	思登切
6	庚	tsəŋ	550	○	増	咨登切	554	增	咨登切
6	庚	tsɦȉŋ	551	○	繒	慈陵切	555	繒	慈稜切
6	庚	tsɦə̏ŋ	552	○	層	木登切	556	層	徂登切
6	庚	ɦə̏ŋ	553	○	𢫮	居登切	557	𢫮	胡登切
6	庚	khwəŋ	553		鞃	丘肱切	558	鞃	丘肱切
6	庚	ʔwəŋ	554	○	泓	烏宏切	559	泓	烏宏切
6	尤	jiȍw	555	十九尤¶¶	尤	于求切	560	尤	于求切
6	尤	tʃhiow	556	○	抽	丑鳩切	561	抽	丑鳩切
6	尤	ʈʂhow	557	○	搊	楚蒐切	562	搊	楚蒐切
6	尤	hiow	558	○	休	虚尤切	563	休	虛尤切
6	尤	khiow	559	○	丘	驅尤切	564	丘	驅尤切
6	尤	kiow	560	○	鳩	居尤切	565	鳩	居尤切
6	尤	kɦiȍw	561	○	求	渠尤切	566	求	渠尤切
6	尤	ʔiow	562	○	憂	於尤切	567	憂	於尤切
6	尤	tʃiow	562		周	職流切	568	周	職流切
6	尤	tʃɦiȍw	563	○	儔	除留切	569	儔	除留切
6	尤	liȍw	564	○	留	力求切	570	留	力求切
6	尤	siow	565	○	脩	思留切	571	脩	思留切
6	尤	tshiow	566	○	秋	此由切	572	秋	此由切
6	尤	tsiow	567	○	啾	即由切	573	啾	即由切
6	尤	tsɦiȍw	568	○	酋	慈秋切	574	酋	慈秋切
6	尤	ʃiow	569	○	收	尸周切	575	收	尸周切
6	尤	ʒiȍw	569		柔	而由切	576	柔	而由切
6	尤	ʂow	570	○	搜	疏鳩切	577	搜	疏鳩切
6	尤	ʈʂow	571	○	鄒	側鳩切	578	鄒	側鳩切
6	尤	fvȍw	572	○	浮	房鳩切	579	浮	房鳩切
6	尤	piow	573	○	彪	補尤切	580	彪	補尤切
6	尤	pɦiȍw	573		滮	皮休切	581	滮	皮休切
6	尤	ʈʂɦȍw	574	○	愁	鋤尤切	582	愁	鋤尤切
6	尤	miȍw	575	○	繆	莫彪切	583	繆	莫彪切
6	尤	phiow	576	○	秠	四尤切	584	秠	匹尤切
6	尤	ɦȍw	577	○	侯	胡鉤切	585	侯	胡鉤切
6	尤	ʔow	578	○	謳	鳥侯切	586	謳	烏侯切
6	尤	khow	579	○	彄	驅侯切	587	彄	驅侯切
6	尤	ŋȍw	580	○	腢	魚侯切	588	腢	魚侯切
6	尤	kow	581	○	鉤	居侯切	589	鉤	居侯切
6	尤	pɦȍw	582	○	裒	蒲侯切	590	裒	蒲侯切
6	尤	mȍw	583	○	謀	莫侯切	591	謀	莫侯切
6	尤	sow	584	○	漱	先侯切	592	漱	先侯切
6	尤	tsow	585	○	鯫	將侯切	593	鯫	將侯切
6	尤	tow	586	○	兜	當侯切	594	兜	當侯切
6	尤	thow	587	○	偸	他侯切	595	偸	他侯切
6	尤	tɦȍw	588	○	頭	徒侯切	596	頭	徒侯切
6	尤	lȍw	589	○	樓	盧侯切	597	樓	盧侯切
6	尤	nȍw	589		䨲	奴侯切	598	䨲	奴侯切
6	侵	tshim	590	二十侵¶¶	侵	七林切	599	侵	七林切
6	侵	szȉm	591	○	尋	徐心切	600	尋	徐心切
6	侵	ʃim	592	○	深	式針切	601	深	式針切
6	侵	tʃim	593	○	斟	諸深切	602	斟	諸深切
6	侵	ʃʒȉm	594	○	諶	時壬切	603	諶	時壬切
6	侵	ʒȉm	595	○	壬	如深切	604	壬	如深切
6	侵	ʂəm	596	○	森	疏簪切	605	森	疏簪切
6	侵	ʈʂəm	597	○	簪	緇深切	606	簪	緇深切
6	侵	ʈʂɦə̏m	598	○	岑	鋤簪切	607	岑	鋤簪切
6	侵	tʃhim	599	○	琛	丑森切	608	琛	丑森切
6	侵	tʃɦȉm	600	○	沈	持林切	609	沈	持森切
6	侵	lȉm	601	○	林	犁沉切	610	林	犁沈切
6	侵	jȉm	602	○	淫	夷斟切	611	淫	夷斟切
6	侵	sim	603	○	心	思林切	612	心	思林切
6	侵	ʔim	604	○	音	於禽切	613	音	於禽切
6	侵	ŋȉm	605	○	吟	魚音切	614	吟	魚音切
6	侵	him	606	○	歆	虛金切	615	歆	虛金切
6	侵	khim	607	○	欽	驅音切	616	欽	驅音切
6	侵	kim	608	○	今	居吟切	617	今	居吟切
6	侵	kɦȉm	609	○	琴	渠金切	618	琴	渠金切
6	侵	nȉm	610	○	南	乃林切	619	南	乃林切
6	覃	tɦȁm	611	二十一覃¶¶	覃	徒含切	620	覃	徒含切
6	覃	tham	612	○	貪	他含切	621	貪	他含切
6	覃	tam	613	○	耽	都含切	622	耽	都含切
6	覃	lȁm	614	○	婪	盧含切	623	婪	盧含切
6	覃	nȁm	615	○	南	那含切	624	南	那含切
6	覃	sam	616	○	毿	蘇含切	625	毿	蘇含切
6	覃	tsham	617	○	參	倉含切	626	參	倉含切
6	覃	tsam	618	○	簪	祖含切	627	籫	祖含切
6	覃	tsɦȁm	619	○	𧖟	徂含切	628	蠶	徂含切
6	覃	kham	620	○	堪	苦含切	629	堪	苦含切
6	覃	ɦȁm	621	○	含	胡南切	630	含	胡南切
6	覃	ʔam	622	○	諳	烏含切	631	諳	烏含切
6	覃	tɦȁm	623	○	談	徒監切	632	談	徒監切
6	覃	tam	624	○	儋	都監切	633	儋	都監切
6	覃	lȁm	625	○	藍	盧監切	634	藍	盧監切
6	覃	sam	626	○	三	蘇監切	635	三	蘇監切
6	覃	kam	627	○	甘	沽三切	636	甘	沽三切
6	覃	ɦȁm	628	○	酣	胡甘切	637	酣	胡甘切
6	覃	ɦiȁm	629	○	咸	胡嵒切	638	咸	胡嵒切
6	覃	(ŋ)jiȁm	630	○	嵒	魚咸切	639	嵒	魚咸切
6	覃	ʂam	631	○	攕	所含切	640	攕	所含切
6	覃	ʈʂɦȁm	632	○	讒	鉏咸切	641	讒	鉏咸切
6	覃	kiam	633	○	監	古銜切	642	監	古銜切
6	覃	khiam	634	○	嵌	丘銜切	643	嵌	丘銜切
6	覃	ʂam	634		衫	師銜切	644	衫	師銜切
6	覃	ʈʂham	635	○	欃	初銜切	645	欃	初銜切
6	覃	fvȁm	636	○	凡	符咸切	646	凡	符咸切
6	鹽	jiɛ̏m	637	二十二鹽¶¶	鹽	移廉切	647	鹽	移廉切
6	鹽	siɛm	638	○	銛	思廉切	648	銛	思廉切
6	鹽	tshiɛm	639	○	僉	千廉切	649	僉	千廉切
6	鹽	tsiɛm	640	○	尖	將廉切	650	尖	將廉切
6	鹽	sziɛ̏m	641	○	爓	徐廉切	651	爓	徐廉切
6	鹽	tsɦiɛ̏m	642	○	濳	照鹽切	652	濳	慈鹽切
6	鹽	ʃiɛm	643	○	苫	詩廉切	653	苫	詩廉切
6	鹽	tʃhiɛm	644	○	襜	蚩占切	654	襜	蚩占切
6	鹽	tʃiɛm	645	○	詹	之廉切	655	詹	之廉切
6	鹽	ʃʒiɛ̏m	646	○	蟾	時占切	656	蟾	時占切
6	鹽	ʒiɛ̏m	647	○	髥	而占切	657	髥	而占切
6	鹽	liɛ̏m	648	○	廉	力鹽切	658	廉	力鹽切
6	鹽	ʔiɛm	649	○	淹	衣炎切	659	淹	衣炎切
6	鹽	ŋiɛ̏m	650	○	噞	牛廉切	660	噞	牛廉切
6	鹽	niɛ̏m	651	○	黏	尼占切	661	黏	尼占切
6	鹽	kɦiɛ̏m	652	○	箝	其廉切	662	箝	其廉切
6	鹽	piɛm	653	○	砭	悲廉切	663	砭	悲廉切
6	鹽	thiɛm	654	○	添	他兼切	664	添	他兼切
6	鹽	tɦiɛ̏m	655	○	甜	徒兼切	665	甜	徒兼切
6	鹽	khiɛm	656	○	謙	苦兼切	666	謙	苦兼切
6	鹽	kiɛm	657	○	兼	古嫌切	667	兼	古嫌切
6	鹽	ɦiɛ̏m	658	○	嫌	胡兼切	668	嫌	胡兼切
6	鹽	hiɛm	659	○	杴	虚嚴切	669	杴	虛嚴切
7	董	tûŋ	660	上聲¶¶一董¶¶	董	多動切	670	董	多動切
7	董	thûŋ	661	○	統	他總切	671	統	他總切
7	董	dǔŋ'	662	○	動	徒摠切	672	動	徒總切
7	董	lûŋ	663	○	曨	力董切	673	曨	力董切
7	董	pûŋ	664	○	琫	邊孔切	674	琫	邊孔切
7	董	mûŋ	665	○	蠓	母摠切	675	蠓	母總切
7	董	tsûŋ	666	○	總	作孔切	676	總	作孔切
7	董	ɦǔŋ'	667	○	澒	胡孔切	677	澒	胡孔切
7	董	khûŋ	668	○	孔	康董切	678	孔	康董切
7	董	khyûŋ	669	○	恐	丘隴切	679	恐	丘隴切
7	董	ʔûŋ	670	○	蓊	烏孔切	680	蓊	烏孔切
7	董	fûŋ	671	○	捧	方孔切	681	捧	方孔切
7	董	tʃyûŋ	672	○	腫	知隴切	682	腫	知隴切
7	董	tʃyûŋ	673	○	踵	NA	682	踵	NA
7	董	dʒyǔŋ'	674	○	重	直隴切	683	重	直隴切
7	董	ʒyûŋ	675	○	宂	而隴切	684	宂	而隴切
7	董	syûŋ	676	○	竦	息勇切	685	竦	息勇切
7	董	tʃhyûŋ	677	○	寵	丑勇切	686	寵	丑勇切
7	董	jyûŋ	678	○	勇	尹竦切	687	勇	尹竦切
7	董	hyûŋ	679	○	兇	許拱切	688	兇	許拱切
7	董	kyûŋ	680	○	拱	居竦切	689	拱	居竦切
7	董	nûŋ	680		癑	乃湩切	690	癑	乃湩切
7	董	tsyûŋ	681	○	慫	即勇切	691	慫	即勇切
7	紙	tʃiɨ̂	682	二紙¶¶	紙	諸氏切	692	紙	諸氏切
7	紙	tʃiɨ̂	683	○	咫	NA	692	咫	NA
7	紙	dʒǐ'	684	○	豸	丈几切	693	豸	丈几切
7	紙	tʃhiɨ̂	685	○	齒	昌止切	694	齒	昌止切
7	紙	tʃhî	686	○	侈	尺里切	695	侈	尺里切
7	紙	tshɨ̂	687	○	此	雌氏切	696	此	雌氏切
7	紙	tsɨ̂	688	○	子	祖似切	697	子	祖似切
7	紙	ʃiɨ̂	689	○	始	詩止切	698	始	詩止切
7	紙	ʂiɨ̂	690	○	史	師止切	699	史	師止切
7	紙	ʂʐiɨ̌'	691	○	市	上𥿄切	700	市	士紙切
7	紙	ʃʒiɨ̌'	692	○	視	善指切	701	視	善指切
7	紙	jî	693	○	以	養里切	702	以	養里切
7	紙	ʔî	694	○	倚	隱綺切	703	倚	隱綺切
7	紙	ɻ̂	695	○	耳	忍止切	704	耳	忍止切
7	紙	pî	696	○	彼	𥙷委切	705	彼	補委切
7	紙	pî	697	○	卑	NA	705	卑	NA
7	紙	phî	698	○	庀	普弭切	706	庀	普弭切
7	紙	bǐ'	699	○	陛	部比切	707	陛	部比切
7	紙	bǐ'	700	○	被	部靡切	708	被	部靡切
7	紙	gǐ'	701	○	技	巨綺切	709	技	巨綺切
7	紙	szɨ̌'	702	○	似	詳子切	710	似	詳子切
7	紙	sɨ̂	703	○	死	想姊切	711	死	想姊切
7	紙	hî	704	○	喜	許里切	712	喜	許里切
7	紙	ʃyûi	705	○	水	式軌切	713	水	式軌切
7	紙	fî	706	○	斐	敷尾切	714	斐	敷尾切
7	紙	vî	707	○	尾	無匪切	715	尾	無匪切
7	薺	dziɪ̌i'	708	三薺¶¶	薺	在禮切	716	薺	在禮切
7	薺	tsiɪ̂i	709	○	濟	子禮切	717	濟	子禮切
7	薺	sî	710	○	徙	想里切	718	徙	想里切
7	薺	tiɪ̂i	711	○	邸	典禮切	719	邸	典禮切
7	薺	diɪ̌i'	712	○	弟	待禮切	720	弟	待禮切
7	薺	tshiɪ̂i	713	○	泚	此禮切	721	泚	此禮切
7	薺	lî	714	○	里	良以切	722	里	良以切
7	薺	thiɪ̂i	715	○	體	他禮切	723	體	他禮切
7	薺	nî	716	○	伱	乃里切	724	伱	乃里切
7	薺	ɦiɪ̌i'	717	○	徯	戸禮切	725	徯	戶禮切
7	薺	kî	718	○	己	居里切	726	己	居里切
7	薺	khî	719	○	起	墟里切	727	起	墟里切
7	薺	khiɪ̂i	720	○	啓	祛禮切	728	啟	祛禮切
7	薺	miɪ̂i	721	○	米	莫禮切	729	米	莫禮切
7	語	ŋŷ	722	四語¶¶	語	偶許切	730	語	偶許切
7	語	jŷ	722		與	弋渚切	731	與	於語切
7	語	ʔŷ	723	○	傴	於語切	ytenx_digitalization_error_731_732	傴	於語切
7	語	hŷ	724	○	許	虚呂切	732	許	虛呂切
7	語	kŷ	725	○	舉	居許切	733	舉	居許切
7	語	khŷ	726	○	去	丘舉切	734	去	丘舉切
7	語	gy̌'	727	○	巨	臼許切	735	巨	臼許切
7	語	tsŷ	728	○	沮	再吕切	736	沮	再呂切
7	語	ʃʒy̌'	728		墅	承與切	737	墅	承與切
7	語	ʃŷ	729	○	暑	賞吕切	738	暑	賞呂切
7	語	ʃʒy̌'	730	○	豎	仁庾切	739	豎	上庾切
7	語	tʃŷ	731	○	主	腫庾切	740	主	腫庾切
7	語	tʃhŷ	732	○	杵	敞呂切	741	杵	敞呂切
7	語	dʒy̌'	733	○	柱	直呂切	742	柱	直呂切
7	語	lŷ	734	○	呂	兩與切	743	呂	兩舉切
7	語	ʒŷ	735	○	汝	忍與切	744	汝	忍與切
7	語	tshŷ	736	○	取	此主切	745	取	此主切
7	語	dzy̌'	737	○	聚	慈庾切	746	聚	慈庾切
7	語	nŷ	738	○	女	尼呂切	747	女	尼呂切
7	語	szy̌'	739	○	敘	象呂切	748	敘	象呂切
7	語	sŷ	740	○	胥	私呂切	749	胥	私呂切
8	姥	mû	741	¶五姥¶¶	姥	莫補切	750	姥	莫補切
8	姥	phû	742	○	普	滂五切	751	普	滂五切
8	姥	pû	743	○	補	博古切	752	補	博古切
8	姥	bǔ'	743		簿	裴古切	753	簿	裴古切
8	姥	tsû	744	○	祖	摠五切	754	祖	總五切
8	姥	tshû	745	○	粗	坐五切	755	粗	坐五切
8	姥	tû	746	○	覩	董五切	756	覩	董五切
8	姥	thû	747	○	土	他魯切	757	土	他魯切
8	姥	dǔ'	748	○	杜	徒古切	758	杜	徒古切
8	姥	lû	749	○	魯	郎古切	759	魯	郎古切
8	姥	nû	750	○	弩	奴古切	760	弩	奴古切
8	姥	hû	751	○	虎	火五切	761	虎	火五切
8	姥	khû	752	○	苦	孔五切	762	苦	孔五切
8	姥	kû	753	○	古	公土切	763	古	公土切
8	姥	ɦǔ'	754	○	戸	侯古切	764	戸	侯古切
8	姥	ʔû	755	○	塢	安古切	765	塢	安古切
8	姥	ŋû	756	○	五	阮古切	766	五	阮古切
8	姥	ʂû	757	○	所	疎五切	767	所	踈五切
8	姥	ʈʂû	758	○	阻	壯所切	768	阻	壯所切
8	姥	ʈʂhû	759	○	楚	創祖切	769	楚	創阻切
8	姥	fû	760	○	撫	斐古切	770	撫	斐古切
8	姥	fvǔ'	761	○	輔	扶古切	771	輔	扶古切
8	姥	vû	762	○	武	罔古切	772	武	罔古切
8	姥	ʂû	763	○	數	所武切	773	數	所武切
8	解	kiâi	764	六解¶¶	解	佳買切	774	解	佳買切
8	解	ɦiǎi'	765	○	蟹	胡買切	775	蟹	胡買切
8	解	pâi	766	○	罷	補買切	776	罷	補買切
8	解	ʂâi	767	○	灑	所蟹切	777	灑	所蟹切
8	解	ɖʐǎi'	768	○	廌	鉏買切	778	廌	鉏買切
8	解	ʈʂhâi	769	○	跐	初買切	779	跐	初買切
8	解	mâi	770	○	買	莫蟹切	780	買	莫蟹切
8	解	ɦwǎi'	771	○	夥	胡買切	781	夥	胡買切
8	解	kwâi	772	○	柺	古買切	782	柺	古買切
8	解	ɦiǎi'	773	○	駭	下楷切	783	駭	下楷切
8	解	khiâi	774	○	鍇	口駭切	784	鍇	口駭切
8	解	(ŋ)jiâi	775	○	騃	語駭切	785	騃	語駭切
8	解	ʔâi	776	○	矮	鴉蟹切	786	矮	鴉蟹切
8	解	hâi	777	○	海	呼改切	787	海	呼改切
8	解	khâi	778	○	愷	可亥切	788	愷	可亥切
8	解	kâi	779	○	改	居亥切	789	改	居亥切
8	解	ɦǎi'	780	○	亥	胡改切	790	亥	胡改切
8	解	ʔâi	781	○	靉	依亥切	791	靉	依亥切
8	解	tshâi	782	○	采	此宰切	792	采	此宰切
8	解	tsâi	783	○	宰	子亥切	793	宰	子亥切
8	解	dzǎi'	784	○	在	盡亥切	794	在	盡亥切
8	解	tshâi	785	○	茝	昌亥切	795	茝	昌亥切
8	解	dǎi'	786	○	待	蕩亥切	796	待	蕩亥切
8	解	nâi	787	○	乃	曩亥切	797	乃	囊亥切
8	賄	ɦǔi'	788	七賄¶¶	賄	乎罪切	798	賄	乎罪切
8	賄	ʔûi	789	○	猥	烏賄切	799	猥	烏賄切
8	賄	ŋûi	790	○	隗	五罪切	800	隗	五罪切
8	賄	bǔi'	791	○	琲	部浼切	801	琲	部浼切
8	賄	mûi	792	○	美	莫賄切	802	美	莫賄切
8	賄	tshûi	793	○	漼	取猥切	803	漼	取猥切
8	賄	dzǔi'	794	○	辠	徂賄切	804	辠	徂賄切
8	賄	dǔi'	795	○	鐓	杜罪切	805	鐓	杜罪切
8	賄	lûi	796	○	壘	魯猥切	806	壘	魯猥切
8	賄	khûi	797	○	魁	苦猥切	807	魁	苦猥切
8	賄	nûi	798	○	餧	努罪切	808	餧	弩罪切
8	賄	ʈʂhûi	799	○	揣	楚委切	809	揣	楚委切
8	賄	tʃûi	800	○	捶	主蘂切	810	捶	主蘂切
8	賄	ʒûi	801	○	繠	如累切	811	繠	如累切
8	賄	sûi	802	○	髓	息委切	812	髓	息委切
8	賄	bǔi'	803	○	岯	部癸切	813	岯	部癸切
8	賄	tsûi	804	○	觜	即委切	814	觜	即委切
8	賄	tshûi	805	○	趡	千水切	815	趡	千水切
8	賄	khûi	806	○	跬	犬蘂切	816	跬	犬蘂切
8	賄	ʃûi	807	○	水	式軌切	817	水	式軌切
8	賄	hûi	808	○	毁	虎委切	818	毀	虎委切
8	賄	hûi	808		虫	許偉切	818_no_siewx_ghiunh_separator	虫	NA
8	賄	kûi	809	○	詭	古委切	819	詭	古委切
8	賄	gûi	810	○	跪	渠委切	819_no_siewx_ghiunh_separator	跪	渠委切
8	軫	tʃîn	811	八軫¶¶	軫	止忍切	820	軫	止忍切
8	軫	ʃʒǐn'	812	○	蜃	時軫切	821	蜃	時軫切
8	軫	ʒîn	813	○	忍	爾軫切	822	忍	爾軫切
8	軫	ʃîn	814	○	哂	矢忍切	823	哂	矢忍切
8	軫	bǐn'	815	○	牝	婢忍切	824	牝	婢忍切
8	軫	dzǐn'	816	○	盡	慈忍切	825	盡	慈忍切
8	軫	jîn	817	○	引	以忍切	826	引	以忍切
8	軫	lîn	818	○	嶙	良忍切	827	嶙	良忍切
8	軫	tsîn	819	○	盡	即忍切	828	盡	即忍切
8	軫	tʃhîn	820	○	辴	丑忍切	829	囅	丑忍切
8	軫	dʒǐn'	821	○	紖	直忍切	830	紖	直忍切
8	軫	mîn	822	○	泯	弭盡切	831	泯	弭盡切
8	軫	kîn	823	○	緊	居忍切	832	緊	居忍切
8	軫	gyǔn'	824	○	窘	巨隕切	833	窘	巨隕切
8	軫	khyûn	824		稛	苦隕切	834	稛	苦隕切
8	軫	tʃyûn	825	○	準	之允切	835	準	之允切
8	軫	tʃhyûn	826	○	蠢	尺允切	836	蠢	尺允切
8	軫	ʒyûn	827	○	盾	乳允切	837	盾	乳允切
8	軫	syûn	828	○	筍	聳允切	838	筍	聳允切
8	軫	jyûn	829	○	隕	羽敏切	839	隕	羽敏切
8	軫	vûn	830	○	吻	武粉切	840	吻	武粉切
8	軫	fvǔn'	831	○	憤	房吻切	841	憤	房吻切
8	軫	fvǔn'	832	○	扮	NA	841	扮	NA
8	軫	fûn	833	○	粉	府吻切	842	粉	府吻切
8	軫	ʔyûn	833		蘊	委粉切	843	蘊	委粉切
8	軫	kyûn	834	○	攟	舉藴切	844	攟	舉蘊切
8	軫	ʔîn	835	○	隱	於謹切	845	隱	於謹切
8	軫	hîn	836	○	䘆	許謹切	846	䘆	許謹切
8	軫	ʈʂhə̂n	837	○	齔	初謹切	847	齔	初謹切
8	軫	gǐn'	838	○	近	巨謹切	848	近	巨謹切
8	軫	ŋîn	839	○	听	語謹切	849	听	語謹切
8	軫	ɦǔn'	840	○	混	湖本切	850	混	胡本切
8	軫	khûn	841	○	梱	苦本切	851	梱	苦本切
8	軫	kûn	842	○	袞	古本切	852	袞	古本切
8	軫	ʔûn	843	○	穩	烏本切	853	穩	烏本切
8	軫	pûn	844	○	本	布袞切	854	本	布袞切
8	軫	bǔn'	845	○	𣄏	部本切	854_no_siewx_ghiunh_separator	𣄏	部本切
8	軫	mûn	846	○	懣	母本切	855	懣	母本切
8	軫	sûn	847	○	損	蘇本切	856	損	蘇本切
8	軫	tshûn	848	○	忖	趨本切	857	忖	趨本切
8	軫	tsûn	849	○	撙	祖本切	858	撙	祖本切
8	軫	dzǔn'	850	○	鱒	徂本切	859	鱒	徂本切
8	軫	dǔn'	851	○	盾	徒本切	860	盾	徒本切
8	軫	ɦə̌n'	852	○	很	下懇切	861	很	下懇切
8	軫	khə̂n	853	○	懇	口很切	862	懇	口很切
8	軫	ŋə̂n	854	○	眼	魚懇切	863	眼	魚墾切
8	軫	pîn	855	○	稟	必敏切	864	稟	必敏切
8	軫	phîn	856	○	品	丕敏切	865	品	丕敏切
8	旱	ɦɔ̌n'	857	九旱¶¶	旱	侯罕切	866	旱	侯罕切
8	旱	hɔ̂n	858	○	罕	許旱切	867	罕	許旱切
8	旱	khɔ̂n	859	○	侃	空旱切	868	侃	空旱切
8	旱	kɔ̂n	860	○	稈	古旱切	869	稈	古旱切
8	旱	ɦwɔ̌n'	860		緩	胡管切	870	緩	胡管切
8	旱	ʔwɔ̂n	861	○	盌	烏管切	871	盌	烏管切
8	旱	khwɔ̂n	862	○	款	苦管切	872	款	苦管切
8	旱	kwɔ̂n	863	○	管	古緩切	873	管	古緩切
8	旱	mwɔ̂n	864	○	滿	莫旱切	874	滿	莫旱切
8	旱	bwɔ̌n'	865	○	伴	蒲滿切	875	伴	蒲滿切
8	旱	swɔ̂n	866	○	算	損管切	876	算	損管切
8	旱	tswɔ̂n	867	○	纂	作管切	877	纂	作管切
8	旱	twɔ̂n	868	○	短	都管切	878	短	都管切
8	旱	thwɔ̂n	869	○	疃	土緩切	879	疃	土緩切
8	旱	dwɔ̌n'	870	○	斷	徒管切	880	斷	徒管切
8	旱	lwɔ̂n	871	○	卵	魯管切	881	卵	魯管切
8	旱	nwɔ̂n	872	○	煖	乃管切	882	煖	乃管切
8	產	ʈʂhân	873	十產¶¶	產	楚簡切	883	產	楚簡切
8	產	ʂwân	874	○	潸	數版切	884	潸	數版切
8	產	ɖʐǎn'	875	○	撰	雛產切	885	撰	雛產切
8	產	ɖʐǎn'	876	○	籑	NA	885	籑	NA
8	產	nân	877	○	赧	乃版切	886	赧	乃版切
8	產	ɦiǎn'	878	○	限	下簡切	887	限	下簡切
8	產	ʔiân	879	○	綰	烏版切	888	綰	烏版切
8	產	pân	880	○	版	補綰切	889	版	補綰切
8	產	fân	881	○	返	甫版切	890	返	甫版切
8	產	vân	882	○	晚	武綰切	891	晚	武綰切
8	產	tsân	883	○	醆	阻限切	892	醆	祖產切
8	產	dzǎn'	884	○	棧	徂限切	893	棧	徂限切
8	產	kiân	885	○	簡	古限切	894	簡	古限切
8	產	(ŋ)jiân	886	○	眼	五限切	895	眼	五限切
8	產	dzǎn'	887	○	瓚	在簡切	896	瓚	在簡切
8	產	tsân	887		儧	積產切	897	儹	積產切
8	產	tân	887		亶	多簡切	898	亶	多簡切
8	產	thân	888	○	坦	他但切	ytenx_digitalization_error_898_899	坦	他但切
8	產	dǎn'	889	○	但	徒亶切	899	但	徒亶切
8	產	lân	890	○	嬾	魯簡切	900	嬾	魯簡切
8	產	sân	891	○	散	薛簡切	901	散	蘇簡切
8	產	ʂân	892	○	汕	所簡切	902	汕	所簡切
8	產	mân	893	○	矕	母板切	903	矕	母板切
8	產	phân	893		眅	普板切	904	眅	普板切
8	銑	siɛ̂n	894	十一銑¶¶	銑	蘇典切	905	銑	蘇典切
8	銑	piɛ̂n	895	○	扁	𥙷典切	906	扁	補典切
8	銑	biɛ̌n'	896	○	辮	婢免切	907	辮	婢免切
8	銑	miɛ̂n	897	○	免	美辯切	908	免	美辨切
8	銑	tiɛ̂n	898	○	典	多殄切	909	典	多殄切
8	銑	thiɛ̂n	899	○	腆	他典切	910	腆	他典切
8	銑	diɛ̌n'	900	○	殄	徒典切	911	殄	徒典切
8	銑	niɛ̂n	901	○	撚	乃殄切	912	撚	乃殄切
8	銑	hiɛ̂n	902	○	顯	呼典切	913	顯	呼典切
8	銑	kiɛ̂n	903	○	繭	吉典切	914	繭	吉典切
8	銑	ɦiɛ̌n'	904	○	峴	胡典切	915	峴	胡典切
8	銑	khyuɛ̂n	905	○	犬	苦泫切	916	犬	苦泫切
8	銑	kyuɛ̂n	906	○	畎	古泫切	917	畎	古泫切
8	銑	ɦyuɛ̌n'	907	○	泫	胡犬切	918	泫	胡犬切
8	銑	tshiɛ̂n	908	○	淺	七演切	919	淺	七演切
8	銑	tsiɛ̂n	909	○	翦	子踐切	920	翦	子演切
8	銑	dziɛ̌n'	910	○	踐	慈演切	921	踐	慈演切
8	銑	syuɛ̂n	911	○	選	須兗切	922	選	須兗切
8	銑	dzyuɛ̌n'	912	○	雋	徂兗切	923	雋	徂兗切
8	銑	tʃhiɛ̂n	913	○	闡	齒善切	924	闡	齒善切
8	銑	ʃʒiɛ̌n'	914	○	善	上演切	925	善	上演切
8	銑	tʃhyuɛ̂n	915	○	舛	尺兗切	926	舛	尺兗切
8	銑	tʃyuɛ̂n	916	○	剸	止兗切	927	剸	止兗切
8	銑	ʒyuɛ̂n	917	○	輭	乳兗切	928	輭	乳兗切
8	銑	ɖʐwǎn'	918	○	撰	雛免切	929	撰	雛兗切
8	銑	tʃiɛ̂n	919	○	展	之輦切	930	展	之輦切
8	銑	liɛ̂n	920	○	輦	力展切	931	輦	力展切
8	銑	jiɛ̂n	921	○	衍	以淺切	932	衍	以淺切
8	銑	niɛ̂n	922	○	輾	尼展切	933	輾	尼展切
8	銑	ŋiɛ̂n	923	○	巘	語蹇切	934	巘	語蹇切
8	銑	dʒyuɛ̌n'	924	○	篆	柱兗切	935	篆	柱兗切
8	銑	lyuɛ̂n	925	○	臠	盧轉切	936	臠	盧轉切
8	銑	khiɛ̂n	926	○	遣	驅演切	937	遣	驅演切
8	銑	kiɛ̂n	927	○	蹇	九輦切	938	蹇	九輦切
8	銑	giɛ̌n'	928	○	鍵	巨展切	939	鍵	巨展切
8	銑	gyuɛ̌n'	929	○	圈	巨卷切	940	圈	巨卷切
8	銑	kyuɛ̂n	930	○	卷	古轉切	941	卷	古轉切
8	銑	(ŋ)jyuɛ̂n	931	○	阮	五逺切	942	阮	五遠切
8	銑	ʔyuɛ̂n	932	○	宛	於阮切	943	宛	於阮切
8	銑	ʔyuɛ̂n	933	○	惌	NA	943	惌	NA
8	銑	hyuɛ̂n	934	○	𣉖	况逺切	944	𣉖	況遠切
8	銑	ʔiɛ̂n	935	○	偃	於幰切	945	偃	於幰切
9	篠	siɛ̂w	936	十二篠¶¶	篠	先了切	946	篠	先了切
9	篠	tsiɛ̂w	937	○	湫	子了切	947	湫	子了切
9	篠	niɛ̂w	938	○	鳥	尼了切	948	鳥	尼了切
9	篠	thiɛ̂w	939	○	挑	土了切	949	挑	土了切
9	篠	liɛ̂w	940	○	了	盧皎切	950	了	盧皎切
9	篠	diɛ̌w'	941	○	窕	徒了切	951	窕	徒了切
9	篠	ʔiɛ̂w	942	○	杳	伊鳥切	952	杳	伊鳥切
9	篠	kiɛ̂w	943	○	皎	吉了切	953	皎	吉了切
9	篠	tʃiɛ̂w	944	○	沼	止少切	954	沼	止少切
9	篠	giɛ̌w'	945	○	糾	其紹切	955	糾	其紹切
9	篠	ʃʒiɛ̌w'	946	○	紹	市召切	956	紹	市沼切
9	篠	ʒiɛ̂w	947	○	擾	爾紹切	957	擾	爾紹切
9	篠	dʒiɛ̌w'	948	○	趙	直巧切	958	趙	直紹切
9	篠	tshiɛ̂w	949	○	悄	七小切	959	悄	七小切
9	篠	ʃiɛ̂w	950	○	少	治紹切	960	少	始紹切
9	篠	hiɛ̂w	951	○	曉	馨杳切	961	曉	馨杳切
9	篠	piɛ̂w	952	○	表	彼小切	962	表	彼小切
9	篠	phiɛ̂w	952		縹	普沼切	963	縹	普沼切
9	篠	biɛ̌w'	952		摽	婢小切	964	摽	婢小切
9	篠	miɛ̂w	953	○	眇	弭沼切	965	眇	弭沼切
9	巧	khiâw	954	十三巧¶¶	巧	苦絞切	966	巧	苦絞切
9	巧	kiâw	955	○	佼	古巧切	967	佼	古巧切
9	巧	pâw	956	○	飽	博巧切	968	飽	博巧切
9	巧	bǎw'	957	○	鮑	部巧切	969	鮑	部巧切
9	巧	mâw	958	○	卯	莫鮑切	970	卯	莫鮑切
9	巧	ʂâw	959	○	稍	山巧切	971	稍	山巧切
9	巧	ʈʂhâw	960	○	煼	楚絞切	972	煼	楚絞切
9	巧	ʈʂâw	961	○	爪	側絞切	973	爪	側絞切
9	巧	nâw	962	○	橈	女巧切	974	橈	女巧切
9	巧	nâw	963	○	撓	NA	974	撓	NA
9	巧	ʔiâw	964	○	拗	於巧切	975	拗	於巧切
9	巧	(ŋ)jiâw	965	○	齩	五巧切	976	齩	五巧切
9	巧	ɦiǎw'	966	○	骹	胡飽切	977	骹	胡飽切
9	巧	ɦǎw'	967	○	晧	胡老切	978	晧	胡老切
9	巧	hâw	968	○	好	許晧切	979	好	許皓切
9	巧	khâw	969	○	考	苦浩切	980	考	苦浩切
9	巧	kâw	970	○	杲	古老切	981	杲	古老切
9	巧	ʔâw	971	○	媼	烏皓切	982	媼	烏皓切
9	巧	pâw	972	○	寶	博浩切	983	寶	博浩切
9	巧	pâw	973	○	䎂	NA	983	䎂	NA
9	巧	bǎw'	974	○	抱	蒲皓切	984	抱	蒲皓切
9	巧	sâw	975	○	掃	蘇老切	985	掃	蘇老切
9	巧	tshâw	976	○	草	采早切	986	草	采早切
9	巧	tsâw	977	○	早	子皓切	987	早	子皓切
9	巧	tsâw	978	○	棗	NA	987	棗	NA
9	巧	dzǎw'	979	○	皁	在早切	988	皁	在早切
9	巧	tâw	980	○	倒	都皓切	989	倒	都皓切
9	巧	thâw	981	○	討	土皓切	990	討	土皓切
9	巧	dǎw'	982	○	道	杜皓切	991	道	杜皓切
9	巧	lâw	983	○	老	魯皓切	992	老	魯皓切
9	巧	nâw	984	○	腦	乃老切	993	腦	乃老切
9	哿	kɔ̂	985	十四哿¶¶	哿	嘉我切	994	哿	嘉我切
9	哿	khɔ̂	986	○	可	口我切	995	可	口我切
9	哿	ʔɔ̂	987	○	妸	烏可切	996	妸	烏可切
9	哿	ŋɔ̂	988	○	我	五可切	997	我	五可切
9	哿	ɦɔ̌'	989	○	荷	下可切	998	荷	下可切
9	哿	tsɔ̂	990	○	左	臧可切	999	左	臧可切
9	哿	tɔ̂	991	○	癉	丁可切	1000	癉	丁可切
9	哿	dɔ̌'	992	○	拕	待可切	1001	拕	待可切
9	哿	dɔ̌'	993	○	𣵺	NA	1001	𣵺	NA
9	哿	nɔ̂	994	○	娜	奴可切	1002	娜	奴可切
9	哿	mwɔ̂	995	○	麼	忙果切	1003	麼	忙果切
9	哿	sɔ̂	996	○	娑	素可切	1004	娑	素可切
9	哿	tshɔ̂	997	○	瑳	千可切	1005	瑳	千可切
9	哿	kwɔ̂	998	○	果	古火切	1006	果	古火切
9	哿	khwɔ̂	999	○	顆	苦果切	1007	顆	苦果切
9	哿	hwɔ̂	1000	○	火	虎果切	1008	火	虎果切
9	哿	ɦwɔ̌'	1001	○	禍	胡果切	1009	禍	胡果切
9	哿	ʔwɔ̂	1002	○	婐	烏果切	1010	婐	烏果切
9	哿	pwɔ̂	1003	○	跛	補火切	1011	跛	補火切
9	哿	phwɔ̂	1004	○	頗	普火切	1012	頗	普火切
9	哿	phwɔ̂	1005	○	叵	NA	1012	叵	NA
9	哿	swɔ̂	1006	○	鎖	蘇果切	1013	鎖	蘇果切
9	哿	dzwɔ̌'	1007	○	坐	徂果切	1014	坐	徂果切
9	哿	twɔ̂	1008	○	朶	都火切	1015	朶	都火切
9	哿	twɔ̂	1009	○	捶	NA	1015	捶	NA
9	哿	thwɔ̂	1010	○	妥	吐火切	1016	妥	吐火切
9	哿	lwɔ̂	1011	○	裸	魯果切	1017	裸	魯果切
9	哿	ŋwɔ̂	1012	○	㛂	五果切	1018	㛂	五果切
9	馬	mâ	1013	十五馬¶¶	馬	莫下切	1019	馬	莫下切
9	馬	pâ	1014	○	把	補下切	1020	把	補下切
9	馬	ʈʂâ	1015	○	鮓	側下切	1021	鮓	側下切
9	馬	ɖʐǎ'	1016	○	槎	茶下切	1022	槎	荼下切
9	馬	ʂâ	1017	○	灑	沙下切	1023	灑	沙下切
9	馬	ɦiǎ'	1018	○	下	亥雅切	1024	下	亥雅切
9	馬	kiâ	1019	○	賈	舉下切	1025	賈	舉下切
9	馬	ʈʂhâ	1020	○	姹	齒下切	1026	姹	抽下切
9	馬	hiâ	1021	○	閜	許下切	1027	閜	許下切
9	馬	ʔiâ	1022	○	啞	倚下切	1028	啞	倚下切
9	馬	(ŋ)jiâ	1023	○	雅	語下切	1028_no_siewx_ghiunh_separator	雅	語下切
9	馬	ɦwǎ'	1024	○	踝	户瓦切	1029	踝	戶瓦切
9	馬	khwâ	1025	○	跨	苦瓦切	1030	跨	苦瓦切
9	馬	kwâ	1026	○	寡	古瓦切	1031	寡	古瓦切
9	馬	ŋwâ	1026		瓦	五寡切	1032	瓦	五寡切
9	馬	tâ	1027	○	打	都瓦切	1033	打	都瓦切
9	馬	ʂwâ	1028	○	葰	數瓦切	1034	葰	數瓦切
9	者	tʃiɛ̂	1029	十六者¶¶	者	止野切	1035	者	止野切
9	者	ʃʒiɛ̌'	1030	○	社	常者切	1036	社	常者切
9	者	siɛ̂	1031	○	寫	先野切	1037	寫	先野切
9	者	tshiɛ̂	1032	○	且	七野切	1038	且	七野切
9	者	ʃiɛ̂	1033	○	捨	始野切	1039	捨	始野切
9	者	dziɛ̌'	1034	○	苴	才野切	1040	苴	才野切
9	者	tʃhiɛ̂	1035	○	奲	昌者切	1041	奲	昌者切
9	者	jiɛ̂	1036	○	野	以者切	1042	野	以者切
9	者	ʒiɛ̂	1037	○	惹	爾者切	1043	惹	爾者切
9	者	tsiɛ̂	1038	○	姐	子野切	1044	姐	子野切
9	養	jiɑ̂ŋ	1039	十七養¶¶¶	養	以兩切	1045	養	以兩切
9	養	ʔiɑ̂ŋ	1040	○	鞅	倚兩切	1046	鞅	倚兩切
9	養	sziɑ̌ŋ'	1041	○	象	似兩切	1047	象	似兩切
9	養	tsiɑ̂ŋ	1042	○	獎	子兩切	1048	獎	子兩切
9	養	liɑ̂ŋ	1043	○	兩	良奬切	1049	兩	良獎切
9	養	giɑ̌ŋ'	1044	○	彊	巨兩切	1050	彊	巨兩切
9	養	ŋiɑ̂ŋ	1045	○	仰	魚兩切	1051	仰	魚兩切
9	養	siɑ̂ŋ	1045		想	息兩切	1052	想	息兩切
9	養	ʈʂhwɑ̂ŋ	1046	○	㼽	楚兩切	1053	㼽	楚兩切
9	養	tʃhiɑ̂ŋ	1047	○	敞	昌兩切	1054	敞	昌兩切
9	養	tʃiɑ̂ŋ	1048	○	掌	止兩切	1055	掌	止兩切
9	養	tʃiɑ̂ŋ	1049	○	長	展兩切	1055_no_siewx_ghiunh_separator	長	展兩切
9	養	ʂwɑ̂ŋ	1050	○	爽	所兩切	1056	爽	所兩切
9	養	hiɑ̂ŋ	1051	○	響	許兩切	1057	響	許兩切
9	養	kiɑ̂ŋ	1052	○	襁	居仰切	1058	襁	居仰切
9	養	dʒiɑ̌ŋ'	1053	○	丈	呈兩切	1059	丈	呈兩切
9	養	ʒiɑ̂ŋ	1054	○	壤	汝兩切	1060	壤	汝兩切
9	養	ʃiɑ̂ŋ	1055	○	賞	始兩切	1061	賞	始兩切
9	養	ʃʒiɑ̌ŋ'	1056	○	上	是賞切	1062	上	是掌切
9	養	fɑ̂ŋ	1057	○	髣	妃兩切	1063	髣	妃兩切
9	養	vɑ̂ŋ	1058	○	罔	文紡切	1064	罔	文紡切
9	養	ʔwɑ̂ŋ	1059	○	枉	嫗往切	1065	枉	嫗往切
9	養	wɑ̂ŋ	1060	○	往	羽枉切	1066	往	羽枉切
9	養	hwɑ̂ŋ	1061	○	怳	詡往切	1067	怳	詡往切
9	養	tshiɑ̂ŋ	1062	○	搶	七兩切	1068	搶	七兩切
9	養	gwɑ̌ŋ'	1063	○	迋	具往切	1069	迋	具往切
9	養	dɑ̌ŋ'	1064	○	蕩	徒黨切	1070	蕩	徒黨切
9	養	tɑ̂ŋ	1064		黨	多曩切	1071	黨	多曩切
9	養	thɑ̂ŋ	1065	○	儻	他曩切	1072	儻	他曩切
9	養	nɑ̂ŋ	1066	○	曩	乃黨切	1073	曩	乃黨切
9	養	pɑ̂ŋ	1067	○	榜	補曩切	1074	榜	補曩切
9	養	mɑ̂ŋ	1068	○	莽	母黨切	1075	莽	母黨切
9	養	sɑ̂ŋ	1069	○	顙	寫曩切	1076	顙	寫曩切
9	養	tshɑ̂ŋ	1070	○	蒼	采莽切	1077	蒼	采莽切
9	養	tsɑ̂ŋ	1071	○	駔	子黨切	1078	駔	子黨切
9	養	dzɑ̌ŋ'	1072	○	奘	在黨切	1079	奘	在黨切
9	養	ɦɑ̌ŋ'	1073	○	沆	下黨切	1080	沆	下黨切
9	養	khɑ̂ŋ	1074	○	忼	口黨切	1081	忼	口黨切
9	養	ʔɑ̂ŋ	1075	○	坱	於黨切	1082	坱	於黨切
9	養	kɑ̂ŋ	1076	○	㽘	舉盎切	1083	㽘	舉盎切
9	養	ŋɑ̂ŋ	1077	○	䭹	語㽘切	1084	䭹	語㽘切
9	養	ɦwɑ̌ŋ'	1077		晃	戸廣切	1085	晃	戶廣切
9	養	khwɑ̂ŋ	1078	○	懬	苦廣切	1086	懬	苦廣切
9	養	kwɑ̂ŋ	1079	○	廣	古滉切	1087	廣	古滉切
9	養	kiɑ̂ŋ	1080	○	講	古項切	1088	講	古項切
9	養	bɑ̌ŋ'	1081	○	棒	步項切	1089	棒	步項切
9	養	ɦiɑ̌ŋ'	1082	○	項	户講切	1090	項	戶講切
9	養	lɑ̂ŋ	1083	○	朗	里黨切	1091	朗	里黨切
9	梗	kə̂ŋ	1084	十　八　梗¶	梗	古杏切	1092	梗	古杏切
9	梗	ɦiə̌ŋ'	1085	○	杏	何梗切	1093	杏	何梗切
9	梗	ɦwə̌ŋ'	1086	○	卝	胡猛切	1094	卝	胡猛切
9	梗	kwə̂ŋ	1087	○	礦	古猛切	1095	礦	古猛切
9	梗	mə̂ŋ	1088	○	猛	母梗切	1096	猛	母梗切
9	梗	bə̌ŋ'	1088		蠯	蒲猛切	1097	蠯	蒲猛切
9	梗	lə̂ŋ	1089	○	冷	魯杏切	1098	冷	魯杏切
9	梗	ɖʐə̌ŋ'	1090	○	瑒	杖梗切	1099	瑒	杖梗切
9	梗	pîŋ	1091	○	丙	補永切	1100	丙	補永切
9	梗	pîŋ	1091		鞞	補鼎切	1100_no_siewx_ghiunh_separator	鞞	補鼎切
9	梗	bǐŋ'	1092	○	竝	部迥切	1101	竝	部迥切
9	梗	khyuə̂ŋ	1093	○	頃	丘潁切	1102	頃	丘穎切
9	梗	ɦyuə̌ŋ'	1094	○	迥	户頂切	1103	迥	戶頂切
9	梗	hyuə̂ŋ	1095	○	詗	火迥切	1104	詗	火迥切
9	梗	ʔyuə̂ŋ	1096	○	濙	烏逈切	1105	濙	烏迥切
9	梗	ɦǐŋ'	1097	○	悻	下頂切	1106	悻	下頂切
9	梗	ɦǐŋ'	1098	○	涬	NA	1106	涬	NA
9	梗	khîŋ	1099	○	謦	棄挺切	1107	謦	棄挺切
9	梗	mîŋ	1100	○	皿	眉永切	1108	皿	眉永切
9	梗	ʂə̂ŋ	1101	○	省	所景切	1109	省	所景切
9	梗	ʔîŋ	1102	○	影	於丙切	1110	影	於丙切
9	梗	jyuə̂ŋ	1103	○	穎	庾頃切	1111	穎	庾頃切
9	梗	kîŋ	1104	○	景	居影切	1112	景	居影切
9	梗	ʔyuə̂ŋ	1105	○	永	于憬切	1113	永	於憬切
9	梗	kyuə̂ŋ	1106	○	憬	居永切	1114	憬	居永切
9	梗	kyuə̂ŋ	1106		炅	古迥切	1114_no_siewx_ghiunh_separator	炅	古迥切
9	梗	kə̂ŋ	1107	○	耿	古幸切	1115	耿	古幸切
9	梗	ɦə̌ŋ'	1108	○	幸	下耿切	1116	幸	下耿切
9	梗	mə̂ŋ	1109	○	黽	母耿切	1117	黽	母耿切
9	梗	dzǐŋ'	1110	○	靜	疾郢切	1118	靜	疾郢切
9	梗	sîŋ	1111	○	省	息井切	1119	省	息井切
9	梗	tshîŋ	NA		missing	NA	1120	請	七靜切
9	梗	tsîŋ	1112	○	missing	子郢切	1121	井	子郢切
9	梗	tʃhîŋ	1113	○	逞	丑郢切	1122	逞	丑郢切
9	梗	lîŋ	1114	○	領	里郢切	1123	領	里郢切
9	梗	tîŋ	1115	○	頂	都領切	1124	頂	都領切
9	梗	khə̂ŋ	1116	○	肯	苦等切	1125	肯	苦等切
9	梗	mîŋ	1117	○	茗	莫迥切	1126	茗	莫迥切
9	梗	dǐŋ'	1118	○	挺	徒鼎切	1127	挺	徒鼎切
9	梗	nîŋ	1119	○	濘	乃挺切	1128	濘	乃挺切
9	梗	tʃîŋ	1120	○	拯	之庱切	1129	拯	之庱切
9	梗	tʃîŋ	1121	○	𢮋	NA	1129	𢮋	NA
9	梗	ʂə̂ŋ	1122	○	㱡	色拯切	1130	㱡	色拯切
9	梗	tə̂ŋ	1123	○	等	多肯切	1131	等	多肯切
9	有	jiôw	1124	十　九　有¶	有	云九切	1132	有	云九切
9	有	siôw	1125	○	滫	息有切	1133	滫	息有切
9	有	tsiôw	1126	○	酒	子酉切	1134	酒	子酉切
9	有	ʃiôw	1127	○	首	始九切	1135	首	始九切
9	有	tʃiôw	1128	○	帚	止酉切	1136	帚	止酉切
9	有	tʃhiôw	1129	○	醜	齒九切	1137	醜	齒九切
9	有	ʃʒiǒw'	1130	○	受	是酉切	1138	受	是酉切
9	有	ʒiôw	1131	○	蹂	忍九切	1139	蹂	忍九切
9	有	dʒiǒw'	1132	○	紂	丈九切	1140	紂	丈九切
9	有	liôw	1133	○	柳	力九切	1141	柳	力九切
9	有	niôw	1134	○	紐	女九切	1142	紐	女九切
9	有	ʔiôw	1135	○	黝	於糾切	1143	黝	於糾切
9	有	hiôw	1136	○	朽	許久切	1144	朽	許久切
9	有	khiôw	1137	○	糗	去九切	1145	糗	去九切
9	有	kiôw	1138	○	九	舉有切	1146	九	舉有切
9	有	giǒw'	1139	○	臼	巨九切	1147	臼	巨九切
9	有	thôw	1140	○	黈	他口切	1148	黈	他口切
9	有	dǒw'	1141	○	鋀	徒口切	1149	鋀	徒口切
9	有	lôw	1142	○	塿	郎斗切	1150	塿	郎斗切
9	有	nôw	1143	○	㝅	乃后切	1151	㝅	乃后切
9	有	fôw	1144	○	缶	俯九切	1152	缶	俯久切
9	有	fvǒw'	1144		阜	房缶切	1153	阜	房缶切
9	有	ʂôw	1145	○	溲	所九切	1154	溲	所九切
9	有	ʈʂôw	1146	○	掫	側九切	1155	掫	側久切
9	有	ɦǒw'	1147	○	厚	胡口切	1156	厚	胡口切
9	有	hôw	1148	○	吼	許厚切	1157	吼	許厚切
9	有	khôw	1149	○	口	苦厚切	1158	口	苦厚切
9	有	kôw	1150	○	耇	舉后切	1159	耇	舉后切
9	有	ʔôw	1151	○	歐	於口切	1160	歐	於口切
9	有	ŋôw	1152	○	偶	語口切	1161	偶	語口切
9	有	phôw	1153	○	剖	普厚切	1162	剖	普厚切
9	有	môw	1154	○	母	莫厚切	1163	母	莫厚切
9	有	sôw	1155	○	叟	蘇后切	1164	叟	蘇后切
9	有	tshôw	1156	○	趣	此茍切	1165	趣	此苟切
9	有	tsôw	1157	○	走	子口切	1166	走	子口切
9	有	tôw	1158	○	斗	當口切	1167	斗	當口切
9	寢	tshîm	1159	二十寢¶¶	寢	七稔切	1168	寢	七稔切
9	寢	tsîm	1160	○	䆮	子衽切	1169	𥧲	子衽切
9	寢	ʃîm	1161	○	審	式荏切	1170	審	式荏切
9	寢	tʃhîm	1162	○	瀋	昌枕切	1171	瀋	昌枕切
9	寢	tʃîm	1163	○	枕	章荏切	1172	枕	章荏切
9	寢	ʃʒǐm'	1164	○	甚	食枕切	1173	甚	食枕切
9	寢	ʒîm	1165	○	餁	忍甚切	1174	餁	忍甚切
9	寢	ʒîm	1166	○	稔	NA	1174	稔	NA
9	寢	ʂîm	1167	○	㾕	所錦切	1175	㾕	所錦切
9	寢	ʈʂhə̂m	1168	○	墋	楚錦切	1176	墋	楚錦切
9	寢	sîm	1169	○	糝	桑錦切	1177	糝	桑錦切
9	寢	ŋîm	1170	○	吟	魚錦切	1178	吟	魚錦切
9	寢	tʃhîm	1171	○	踸	丑錦切	1179	踸	丑錦切
9	寢	dʒǐm'	1172	○	朕	呈稔切	1180	朕	呈稔切
9	寢	lîm	1173	○	廩	力錦切	1181	廩	力錦切
9	寢	kîm	1174	○	錦	居飲切	1182	錦	居飲切
9	寢	gǐm'	1175	○	噤	渠飲切	1183	噤	巨飲切
9	寢	ʔîm	1176	○	飮	於錦切	1184	飲	於錦切
9	感	kâm	1177	二十一感¶¶	感	古禫切	1185	感	古禫切
9	感	dǎm'	1178	○	禫	徒感切	1186	禫	徒感切
9	感	ɦǎm'	1179	○	頷	戸感切	1187	頷	戶感切
9	感	khâm	1180	○	坎	苦感切	1188	坎	苦感切
9	感	ʔâm	1181	○	晻	鄥感切	1189	晻	鄔感切
9	感	ŋâm	1182	○	頷	五感切	1190	頷	五感切
9	感	sâm	1183	○	糝	桑感切	1191	糝	桑感切
9	感	tshâm	1184	○	㦧	七感切	1192	㦧	七感切
9	感	dzǎm'	1184		歜	NA	1193	歜	徂感切
9	感	tsâm	1185	○	寁	徂感切	1194	寁	子感切
9	感	tâm	1186	○	紞	都感切	1195	紞	都感切
9	感	thâm	1187	○	襑	他感切	1196	襑	他感切
9	感	ɦiǎm'	1187		豏	下斬切	1197	豏	下斬切
9	感	ɦǎm'	1188	○	檻	胡覽切	1198	檻	胡覽切
9	感	hiâm	1189	○	闞	虎覽切	1199	闞	虎覽切
9	感	tsâm	1190	○	槧	在敢切	1200	槧	左敢切
9	感	tâm	1191	○	膽	覩敢切	1201	膽	都敢切
9	感	dǎm'	1192	○	啖	徒覽切	1202	啖	徒覽切
9	感	lâm	1193	○	壈	盧感切	1203	壈	盧感切
9	感	kâm	1194	○	敢	古覽切	1204	敢	古覽切
9	感	lâm	1195	○	覽	魯敢切	1205	覽	魯敢切
9	感	kiâm	1196	○	減	古斬切	1206	減	古斬切
9	感	ʔiâm	1197	○	黯	乙減切	1207	黯	乙減切
9	感	ʂâm	1198	○	摻	所斬切	1208	摻	所斬切
9	感	ʈʂâm	1199	○	斬	側減切	1209	斬	側減切
9	感	ɖʐǎm'	1200	○	湛	丈減切	1210	湛	大減切
9	感	ɖʐǎm'	1201	○	嶃	土減切	1211	嶃	士減切
9	感	mâm	1202	○	鋄	忙范切	1212	鋄	忙范切
9	感	fvǎm'	1203	○	范	房啖切	1213	范	房啖切
9	琰	jiɛ̂m	1204	二十二琰¶¶	琰	以冉切	1214	琰	以冉切
9	琰	ʔiɛ̂m	1205	○	奄	於檢切	1215	奄	於檢切
9	琰	ʃiɛ̂m	1206	○	閃	失冉切	1216	閃	失冉切
9	琰	ʒiɛ̂m	1207	○	冉	而琰切	1217	冉	而琰切
9	琰	tʃhiɛ̂m	1208	○	諂	丑琰切	1218	諂	丑琰切
9	琰	liɛ̂m	1209	○	斂	力冉切	1219	斂	力冉切
9	琰	hiɛ̂m	1210	○	險	虛檢切	1220	險	虛檢切
9	琰	kiɛ̂m	1211	○	檢	居奄切	1221	檢	居奄切
9	琰	giɛ̌m'	1211		儉	巨險切	1222	儉	巨險切
9	琰	ŋiɛ̂m	1212	○	隒	魚檢切	1223	隒	魚檢切
9	琰	piɛ̂m	1213	○	貶	悲撿切	1224	貶	悲檢切
9	琰	tʃiɛ̂m	1214	○	颭	職琰切	1225	颭	職琰切
9	琰	thiɛ̂m	1215	○	忝	他點切	1226	忝	他點切
9	琰	tiɛ̂m	1216	○	點	多忝切	1227	點	多忝切
9	琰	diɛ̌m'	1217	○	簟	徒點切	1228	簟	徒點切
9	琰	niɛ̂m	1218	○	淰	乃點切	1229	淰	乃點切
9	琰	khiɛ̂m	1219	○	歉	苦簟切	1230	歉	苦簟切
9	琰	dziɛ̌m'	1220	○	漸	秦冉切	1231	漸	秦冉切
10	送	sǔŋ	1221	去聲¶一送¶¶	送	蘇弄切	1232	送	蘇弄切
10	送	fvǔŋ	1222	○	鳳	馮貢切	1233	鳳	馮貢切
10	送	tshǔŋ	1223	○	謥	干弄切	1234	𧪳	千弄切
10	送	tsǔŋ	1224	○	糉	作弄切	1235	糉	作弄切
10	送	tsǔŋ	1225	○	傯	NA	1235	傯	NA
10	送	tsǔŋ	1226	○	綜	NA	1235	綜	NA
10	送	tsyǔŋ	1227	○	縱	足用切	1236	縱	足用切
10	送	tǔŋ	1228	○	凍	多貢切	1237	凍	多貢切
10	送	thǔŋ	1229	○	痛	他貢切	1238	痛	他貢切
10	送	dǔŋ	1230	○	洞	徒弄切	1239	洞	徒弄切
10	送	lǔŋ	1231	○	弄	盧貢切	1240	弄	盧貢切
10	送	ɦǔŋ	1232	○	哄	胡貢切	1241	哄	胡貢切
10	送	ɦǔŋ	1233	○	洚	NA	1241	洚	NA
10	送	hǔŋ	1233		烘	呼貢切	1242	烘	呼貢切
10	送	khǔŋ	1234	○	控	苦貢切	1243	控	苦貢切
10	送	kǔŋ	1235	○	貢	古送切	1244	貢	古送切
10	送	kǔŋ	1236	○	㔶	NA	1244	㔶	NA
10	送	ʔǔŋ	1237	○	瓮	烏貢切	1245	瓮	烏貢切
10	送	mǔŋ	1238	○	夢	䝉弄切	1246	夢	蒙弄切
10	送	mǔŋ	1239	○	𡬌	NA	1246	𡬌	NA
10	送	mǔŋ	1240	○	瞢	NA	1246	瞢	NA
10	送	fǔŋ	1241	○	賵	撫鳳切	1247	賵	撫鳳切
10	送	ʔyǔŋ	1242	○	雍	於用切	1248	雍	於用切
10	送	ʔyǔŋ	1243	○	𩌋	NA	1248	𩌋	NA
10	送	tʃyǔŋ	1244	○	衆	之仲切	1249	衆	之仲切
10	送	dʒyǔŋ	1245	○	仲	直衆切	1250	仲	直衆切
10	送	jyǔŋ	1246	○	用	余頌切	1251	用	余頌切
10	送	szyǔŋ	1247	○	頌	似用切	1252	頌	似用切
10	送	dzyǔŋ	1248	○	從	才仲切	1253	從	才仲切
10	送	hyǔŋ	1249	○	匈	許用切	1254	匈	許用切
10	送	gyǔŋ	1250	○	共	渠用切	1255	共	渠用切
10	送	khyǔŋ	1251	○	恐	欺用切	1256	恐	欺用切
10	送	kyǔŋ	1252	○	供	居用切	1257	供	居用切
10	送	tʃhyǔŋ	1253	○	憃	丑用切	1258	憃	丑用切
10	送	nǔŋ	1254	○	齈	奴凍切	1259	齈	奴凍切
10	寘	tʃiɨ̌	1255	二寘¶¶	寘	支義切	1260	寘	支義切
10	寘	tʃiɨ̌	1256	○	躓	NA	1260	躓	NA
10	寘	tsɨ̌	1257	○	恣	資四切	1261	恣	資四切
10	寘	tʃhǐ	1258	○	翅	昌智切	1262	翅	昌智切
10	寘	tʃhiɨ̌	1258		熾	昌志切	1263	熾	昌志切
10	寘	tʃhiɨ̌	1259	○	𩟄	NA	1263	𩟄	NA
10	寘	ʃʒiɨ̌	1260	○	侍	時吏切	1264	侍	時吏切
10	寘	ʃʒiɨ̌	1261	○	蒔	NA	1264	蒔	NA
10	寘	ʃʒiɨ̌	1262	○	示	NA	1264	示	NA
10	寘	ɻ̌	1263	○	二	而至切	1265	二	而至切
10	寘	sɨ̌	1264	○	四	息漬切	1266	四	息漬切
10	寘	sɨ̌	1265	○	笥	相吏切	1267	笥	相吏切
10	寘	sɨ̌	1266	○	司	NA	1267	司	NA
10	寘	dzɨ̌	1267	○	自	疾二切	1268	自	疾二切
10	寘	tʃǐ	1268	○	智	知意切	1269	智	知意切
10	寘	tʃǐ	1269	○	緻	NA	1269	緻	NA
10	寘	tʃiɪ̌i	1269		制	征例切	1270	制	征例切
10	寘	dʒǐ	1270	○	治	直意切	1271	治	直意切
10	寘	tʃhǐ	1271	○	眙	丑吏切	1272	眙	丑吏切
10	寘	jǐ	1272	○	異	以智切	1273	異	以智切
10	寘	ŋiɪ̌i	1273	○	詣	倪制切	1274	詣	倪制切
10	寘	jiɪ̌i	1274	○	曳	以制切	1275	曳	以制切
10	寘	jiɪ̌i	1275	○	詍	NA	1275	詍	NA
10	寘	jiɪ̌i	1276	○	洩	NA	1275	洩	NA
10	寘	ʃiɨ̌	1277	○	試	式至切	1276	試	式至切
10	寘	gǐ	1278	○	芰	奇寄切	1277	芰	奇寄切
10	寘	phǐ	1279	○	譬	匹智切	1278	譬	匹智切
10	寘	pǐ	1280	○	祕	兵媚切	1279	祕	兵媚切
10	寘	bǐ	1281	○	避	毗意切	1280	避	毗意切
10	寘	ʃʒiɪ̌i	1282	○	誓	時智切	1281	誓	時智切
10	寘	vǐ	1283	○	未	無沸切	1282	未	無沸切
10	寘	ʈʂhɨ̌	1284	○	廁	初寺切	1283	廁	初寺切
10	寘	ʈʂhɨ̌	1285	○	杫	NA	1283	杫	NA
10	寘	tshɨ̌	1286	○	次	七四切	1284	次	七四切
10	寘	hǐ	1287	○	戲	許意切	1285	戲	許意切
10	寘	ʔǐ	1288	○	意	於戱切	1286	意	於戲切
10	寘	ʔiɪ̌i	1289	○	医	於計切	1287	医	於計切
10	寘	fǐ	1290	○	費	芳未切	1288	費	芳未切
10	寘	fǐ	1291	○	厞	NA	1288	厞	NA
10	寘	ʃiɪ̌i	1292	○	世	始制切	1289	世	始制切
10	寘	tʃhiɪ̌i	1293	○	掣	尺制切	1290	掣	尺制切
10	寘	hiɪ̌i	1294	○	侐	火揥切	1291	侐	火揥切
10	寘	piɪ̌i	1295	○	閉	必弊切	1292	閉	必弊切
10	寘	phǐ	1296	○	轡	兵臂切	1293	轡	兵臂切
10	寘	pǐ	1297	○	臂	必轡切	1294	臂	必轡切
10	霽	tsiɪ̌i	1298	三霽¶¶	霽	子記切	1295	霽	子計切
10	霽	dziɪ̌i	1299	○	劑	才詣切	1296	劑	才詣切
10	霽	siɪ̌i	1300	○	細	思計切	1297	細	思計切
10	霽	siɪ̌i	1301	○	栖	NA	1297	栖	NA
10	霽	tshiɪ̌i	1302	○	切	七計切	1298	切	七計切
10	霽	tiɪ̌i	1303	○	帝	丁計切	1299	帝	丁計切
10	霽	tiɪ̌i	1304	○	⿰訁疐	NA	1299	嚏	NA
10	霽	thiɪ̌i	1305	○	替	他計切	1300	替	他計切
10	霽	thiɪ̌i	1306	○	楴	NA	1300	楴	NA
10	霽	diɪ̌i	1306		第	大計切	1301	第	大計切
10	霽	dǐ	1307	○	地	徒利切	1302	地	徒利切
10	霽	dǐ	1308	○	埊	NA	1302	埊	NA
10	霽	lǐ	1309	○	利	力也切	1303	利	力地切
10	霽	liɪ̌i	1310	○	麗	力霽切	1304	麗	力霽切
10	霽	liɪ̌i	1311	○	戾	NA	1304	戾	NA
10	霽	liɪ̌i	1312	○	綟	NA	1304	綟	NA
10	霽	khǐ	1313	○	器	去冀切	1305	器	去冀切
10	霽	khiɪ̌i	1314	○	契	去計切	1306	契	去計切
10	霽	kiɪ̌i	1314		計	吉詣切	1307	計	吉詣切
10	霽	kǐ	1315	○	寄	吉器切	1308	寄	吉器切
10	霽	niɪ̌i	1316	○	泥	乃計切	1309	泥	乃計切
10	霽	ɦiɪ̌i	1317	○	系	胡記切	1310	系	胡計切
10	霽	miěi	1318	○	寐	彌計切	1311	寐	彌計切
10	霽	dʒiɪ̌i	1319	○	滯	直例切	1312	滯	直例切
11	御	ŋy̌	1320	四御¶¶	御	魚據切	1313	御	魚據切
11	御	ʔy̌	1321	○	飫	依據切	1314	飫	依據切
11	御	jy̌	1322	○	豫	羊茹切	1314_no_siewx_ghiunh_separator	豫	NA
11	御	ʒy̌	1323	○	孺	而遇切	1315	孺	而遇切
11	御	khy̌	1324	○	去	區遇切	1316	去	區遇切
11	御	ky̌	1325	○	據	居御切	1317	據	居御切
11	御	ky̌	1326	○	踞	NA	1317	踞	NA
11	御	gy̌	1327	○	瞿	忌遇切	1318	瞿	忌遇切
11	御	sy̌	1328	○	絮	息據切	1319	絮	息據切
11	御	tshy̌	1329	○	覰	七慮切	1320	覰	七慮切
11	御	tsy̌	1330	○	怚	將豫切	1321	怚	將豫切
11	御	dzy̌	1331	○	聚	族遇切	1322	聚	族遇切
11	御	ʃy̌	1332	○	恕	商豫切	1323	恕	商豫切
11	御	ʃʒy̌	1333	○	樹	殊遇切	1324	樹	殊遇切
11	御	tʃhy̌	1334	○	處	昌據切	1325	處	昌據切
11	御	tʃy̌	1335	○	著	陟慮切	1326	著	陟慮切
11	御	dʒy̌	1336	○	筯	治據切	1327	筯	治據切
11	御	hy̌	1337	○	噓	許御切	1328	噓	許御切
11	御	ly̌	1338	○	慮	良據切	1329	慮	良據切
11	御	ny̌	1339	○	女	尼據切	1330	女	尼據切
11	暮	mǔ	1340	五暮¶¶	暮	莫故切	1331	暮	莫故切
11	暮	phǔ	1341	○	鋪	普故切	1332	鋪	普故切
11	暮	pǔ	1342	○	布	博故切	1333	布	博故切
11	暮	bǔ	1343	○	步	薄故切	1334	步	薄故切
11	暮	sǔ	1344	○	素	蘇故切	1335	素	蘇故切
11	暮	tshǔ	1345	○	措	倉故切	1336	措	倉故切
11	暮	dzǔ	1346	○	祚	靖故切	1337	祚	靖故切
11	暮	tsǔ	1347	○	作	臧祚切	1338	作	臧祚切
11	暮	ɖʐǔ	1348	○	助	狀祚切	1339	助	牀祚切
11	暮	ʈʂǔ	1349	○	詛	莊助切	1340	詛	莊助切
11	暮	tǔ	1350	○	妒	都故切	1341	妒	都故切
11	暮	dǔ	1351	○	度	獨故切	1342	度	獨故切
11	暮	thǔ	1352	○	兔	土故切	1343	兔	土故切
11	暮	lǔ	1353	○	路	魯故切	1344	路	魯故切
11	暮	lǔ	1354	○	璐	NA	1344	璐	NA
11	暮	nǔ	1355	○	怒	怒故切	1345	怒	奴故切
11	暮	ɦǔ	1356	○	護	胡故切	1346	護	胡故切
11	暮	hǔ	1357	○	謼	荒故切	1347	謼	荒故切
11	暮	khǔ	1358	○	庫	苦故切	1348	庫	苦故切
11	暮	kǔ	1359	○	顧	古慕切	1349	顧	古慕切
11	暮	ʔǔ	1360	○	汙	烏故切	1350	汙	烏故切
11	暮	ŋǔ	1361	○	誤	五故切	1351	誤	五故切
11	暮	ʂǔ	1362	○	疏	所故切	1352	疏	所故切
11	暮	ʈʂhǔ	1363	○	楚	創故切	1353	楚	倉故切
11	暮	fǔ	1363		赴	芳故切	1354	赴	芳故切
11	暮	fvǔ	1364	○	附	防父切	1355	附	防父切
11	暮	vǔ	1365	○	務	亡暮切	1356	務	亡暮切
11	泰	thǎi	1366	六泰¶¶	泰	他蓋切	1357	泰	他蓋切
11	泰	dǎi	1367	○	代	度耐切	1358	代	度耐切
11	泰	dǎi	1368	○	迨	NA	1358	迨	NA
11	泰	tǎi	1369	○	帶	當蓋切	1359	帶	當蓋切
11	泰	tǎi	1370	○	戴	丁代切	1360	戴	丁代切
11	泰	dǎi	1371	○	大	度柰切	1361	大	度柰切
11	泰	lǎi	1372	○	賴	落蓋切	1362	賴	落蓋切
11	泰	lǎi	1373	○	徠	洛代切	1363	徠	洛代切
11	泰	nǎi	1374	○	柰	尼帶切	1364	柰	尼帶切
11	泰	tshǎi	1375	○	菜	倉代切	1365	菜	倉代切
11	泰	kǎi	1376	○	蓋	居大切	1366	蓋	居大切
11	泰	ʔǎi	1377	○	愛	於蓋切	1367	愛	於蓋切
11	泰	ŋǎi	1378	○	艾	牛蓋切	1368	艾	牛蓋切
11	泰	ɦǎi	1379	○	害	下蓋切	1369	害	下蓋切
11	泰	ŋwǎi	1380	○	外	五塊切	1370	外	五塊切
11	泰	ʔwǎi	1381	○	嗄	於邁切	1371	嗄	於邁切
11	泰	khǎi	1382	○	慨	丘蓋切	1372	慨	丘蓋切
11	泰	tsǎi	1383	○	再	作代切	1373	再	作代切
11	泰	dzǎi	1384	○	在	昨代切	1374	在	昨代切
11	泰	ʈʂhǎi	1385	○	嘬	楚邁切	1375	嘬	楚邁切
11	泰	ʈʂhǎi	1386	○	瘥	楚懈切	1376	瘥	楚懈切
11	泰	kiǎi	1387	○	戒	居拜切	1377	戒	居拜切
11	泰	ʔǎi	1388	○	隘	烏懈切	1378	隘	烏懈切
11	泰	(ŋ)jiǎi	1389	○	睚	牛懈切	1379	睚	牛懈切
11	泰	khiǎi	1390	○	𩋧	口戒切	1380	𩋧	口戒切
11	泰	phǎi	1390		派	普夬切	1381	派	普夬切
11	泰	pǎi	1391	○	拜	布怪切	1382	拜	布怪切
11	泰	bǎi	1392	○	敗	薄邁切	1383	敗	薄邁切
11	泰	mǎi	1393	○	賣	莫懈切	1384	賣	莫懈切
11	泰	ʂǎi	1394	○	曬	所賣切	1385	曬	所賣切
11	泰	sǎi	1395	○	塞	先代切	1386	塞	先代切
11	泰	kwǎi	1396	○	怪	古壞切	1387	怪	古壞切
11	泰	ɖʐǎi	1397	○	砦	助邁切	1388	砦	助邁切
11	泰	ʈʂǎi	1398	○	債	側賣切	1389	債	側賣切
11	泰	khwǎi	1399	○	快	苦夬切	1390	快	苦夬切
11	泰	ɦiǎi	1400	○	械	下戒切	1391	械	下戒切
11	泰	ɦwǎi	1401	○	壞	蕐賣切	1392	壞	華賣切
11	隊	dǔi	1402	七隊¶¶	隊	杜對切	1393	隊	杜對切
11	隊	tǔi	1403	○	對	都内切	1394	對	都内切
11	隊	thǔi	1404	○	退	吐内切	1395	退	吐内切
11	隊	lǔi	1405	○	類	力遂切	1396	類	力遂切
11	隊	phǔi	1406	○	配	滂佩切	1397	配	滂佩切
11	隊	bǔi	1407	○	旆	步昧切	1398	旆	步昧切
11	隊	bǔi	1408	○	北	NA	1398	北	NA
11	隊	pǔi	1409	○	背	邦妹切	1399	背	邦妹切
11	隊	mǔi	1410	○	妹	莫佩切	1400	妹	莫佩切
11	隊	sǔi	1411	○	歲	須銳切	1401	歲	須銳切
11	隊	szǔi	1412	○	遂	徐醉切	1402	遂	徐醉切
11	隊	szǔi	1413	○	襚	NA	1402	襚	NA
11	隊	tshǔi	1414	○	翠	七醉切	1403	翠	七醉切
11	隊	dzǔi	1415	○	萃	秦醉切	1404	萃	秦醉切
11	隊	ɦǔi	1416	○	潰	胡對切	1405	潰	胡對切
11	隊	ɦǔi	1417	○	沬	NA	1405	沬	NA
11	隊	hǔi	1418	○	誨	呼對切	1406	誨	呼對切
11	隊	ɦǔi	1419	○	慧	胡桂切	1407	慧	胡桂切
11	隊	jǔi	1420	○	叡	于芮切	1408	叡	于芮切
11	隊	ʒǔi	1421	○	汭	儒稅切	1409	汭	儒稅切
11	隊	kǔi	1421		儈	古外切	1410	儈	古外切
11	隊	kǔi	1422	○	貴	居胃切	1411	貴	居胃切
11	隊	gǔi	1423	○	匱	具位切	1412	匱	具位切
11	隊	dʒǔi	1424	○	墜	直類切	1413	墜	直類切
11	隊	ʔǔi	1425	○	穢	烏胃切	1414	穢	烏胃切
11	隊	ʔǔi	1426	○	尉	紆胃切	1415	尉	紆胃切
11	隊	ǔi	1427	○	胃	于位切	1416	胃	于位切
11	隊	ŋǔi	1428	○	魏	魚胃切	1417	魏	魚胃切
11	隊	tʃǔi	1429	○	惴	之瑞切	1418	惴	之瑞切
11	隊	tʃhǔi	1430	○	吹	蚩瑞切	1419	吹	蚩瑞切
11	隊	ʃʒǔi	1431	○	瑞	殊偽切	1420	瑞	殊僞切
11	隊	ʃǔi	1432	○	稅	輸芮切	1421	稅	輸芮切
11	隊	ʂǔi	1433	○	帥	所類切	1422	帥	所類切
11	隊	nǔi	1434	○	諉	女恚切	1423	諉	女恚切
11	隊	nǔi	1435	○	内	奴對切	1424	内	奴對切
11	隊	khǔi	1436	○	觖	窺睡切	1425	觖	窺睡切
11	隊	gǔi	1437	○	悸	其季切	1426	悸	其季切
11	隊	khǔi	1438	○	喟	丘媿切	1427	喟	丘魏切
11	隊	tsǔi	1439	○	醉	將遂切	1428	醉	將遂切
11	隊	hǔi	1440	○	睢	香萃切	1429	睢	香萃切
11	震	tʃǐn	1441	八震¶¶	震	之刃切	1430	震	之刃切
11	震	dʒǐn	1442	○	陣	真刃切	1431	陣	直刃切
11	震	tʃyǔn	1443	○	稕	朱閏切	1432	稕	朱閏切
11	震	ʒǐn	1444	○	刃	而振切	1433	刃	而振切
11	震	ʒyǔn	1445	○	閏	儒順切	1434	閏	儒順切
11	震	ŋǐn	1446	○	憖	魚僅切	1435	憖	魚僅切
11	震	jǐn	1447	○	孕	羊進切	1436	孕	羊進切
11	震	ʔǐn	1448	○	印	衣刃切	1437	印	衣刃切
11	震	ʃʒǐn	1449	○	愼	時刃切	1438	愼	時刃切
11	震	pǐn	1450	○	儐	必刃切	1439	儐	必刃切
11	震	pǔn	1451	○	奔	逋悶切	1440	奔	逋悶切
11	震	sǐn	1452	○	信	思晉切	1441	信	思晉切
11	震	syǔn	1453	○	峻	須閏切	1442	峻	須閏切
11	震	szyǔn	1454	○	殉	松閏切	1443	殉	松閏切
11	震	sǔn	1455	○	巽	蘇困切	1444	巽	蘇困切
11	震	sǔn	1456	○	遜	NA	1444	遜	NA
11	震	tsǐn	1457	○	晉	即刃切	1445	晉	即刃切
11	震	dzǐn	1457		盡	齊進切	1446	盡	齊進切
11	震	tsyǔn	1458	○	俊	祖峻切	1447	俊	祖峻切
11	震	tsǔn	1459	○	焌	祖寸切	1448	焌	祖寸切
11	震	szǐn	1460	○	燼	徐刃切	1449	燼	徐刃切
11	震	tshǐn	1461	○	親	寸遴切	1450	親	寸遴切
11	震	ʈʂhə̌n	1462	○	藽	初覲切	1451	藽	初覲切
11	震	tʃhǐn	1463	○	趂	丑刄切	1452	趂	丑刃切
11	震	lǐn	1464	○	吝	良刃切	1453	吝	良刃切
11	震	lǐn	1465	○	磷	NA	1453	磷	NA
11	震	lǔn	1466	○	論	盧困切	1454	論	盧困切
11	震	khǐn	1467	○	菣	去刃切	1455	菣	去刃切
11	震	hǐn	1468	○	釁	許刃切	1456	釁	許刃切
11	震	hǐn	1469	○	興	NA	1456	興	NA
11	震	gǐn	1470	○	僅	具吝切	1457	僅	具吝切
11	震	ʃyǔn	1471	○	舜	輸閏切	1458	舜	輸閏切
11	震	ʃʒyǔn	1472	○	順	食閏切	1459	順	食閏切
11	震	vǔn	1473	○	問	文運切	1460	問	文運切
11	震	fvǔn	1474	○	分	房問切	1461	分	房問切
11	震	fǔn	1475	○	僨	方問切	1462	僨	方問切
11	震	kyǔn	1476	○	捃	居運切	1463	捃	居運切
11	震	kyǔn	1477	○	皸	NA	1463	皸	NA
11	震	gyǔn	1478	○	郡	具運切	1464	郡	具運切
11	震	ʔyǔn	1479	○	醞	於問切	1465	醞	於問切
11	震	hyǔn	1480	○	訓	吁運切	1466	訓	吁運切
11	震	jyǔn	1481	○	運	禹慍切	1467	運	禹慍切
11	震	ɦǔn	1482	○	慁	胡困切	1468	慁	胡困切
11	震	ɦǔn	1483	○	顐	NA	1468	顐	NA
11	震	hǔn	1484	○	惛	呼困切	1469	惛	呼困切
11	震	khǔn	1485	○	困	苦悶切	1470	困	苦悶切
11	震	phǔn	1486	○	噴	普悶切	1471	噴	普悶切
11	震	bǔn	1487	○	坌	步悶切	1472	坌	步悶切
11	震	mǔn	1488	○	悶	莫困切	1473	悶	莫困切
11	震	tshǔn	1489	○	寸	村困切	1474	寸	村困切
11	震	tsǔn	1490	○	鐏	祖悶切	1475	鐏	祖悶切
11	震	tǔn	1491	○	頓	都困切	1476	頓	都困切
11	震	dǔn	1492	○	鈍	杜困切	1477	鈍	杜困切
11	震	nǔn	1493	○	嫩	奴困切	1478	嫩	奴困切
11	震	thǔn	1494	○	褪	吐困切	1479	褪	吐困切
11	震	ɦə̌n	1495	○	恨	下艮切	1480	恨	下艮切
11	震	kə̌n	1496	○	艮	古恨切	1481	艮	古恨切
11	震	khə̌n	1497	○	硍	苦恨切	1482	硍	苦恨切
12	翰	ɦɔ̌n	1498	九翰¶¶	翰	侯幹切	1483	翰	侯幹切
12	翰	kɔ̌n	1499	○	榦	古汗切	1484	榦	古汗切
12	翰	hɔ̌n	1500	○	漢	虚汗切	1485	漢	虛汗切
12	翰	khɔ̌n	1501	○	看	袪幹切	1486	看	袪幹切
12	翰	ʔɔ̌n	1502	○	按	於幹切	1487	按	於幹切
12	翰	ŋɔ̌n	1503	○	岸	魚幹切	1488	岸	魚幹切
12	翰	ŋɔ̌n	1504	○	喭	NA	1488	喭	NA
12	翰	ɦwɔ̌n	1505	○	換	胡玩切	1489	換	胡玩切
12	翰	hwɔ̌n	1506	○	喚	呼玩切	1490	喚	呼玩切
12	翰	kwɔ̌n	1506		貫	古玩切	1491	貫	古玩切
12	翰	nwɔ̌n	1507	○	愞	奴亂切	1492	愞	奴亂切
12	翰	ŋwɔ̌n	1508	○	玩	五換切	1493	玩	五換切
12	翰	pwɔ̌n	1509	○	半	博漫切	1494	半	博漫切
12	翰	phwɔ̌n	1510	○	判	普半切	1495	判	普半切
12	翰	bwɔ̌n	1511	○	畔	薄半切	1496	畔	薄半切
12	翰	mwɔ̌n	1512	○	縵	莫半切	1497	縵	莫半切
12	翰	swɔ̌n	1513	○	筭	蘇貫切	1498	筭	蘇貫切
12	翰	tshwɔ̌n	1514	○	竄	取亂切	1499	竄	取亂切
12	翰	tswɔ̌n	1515	○	鑽	祖筭切	1500	鑽	祖筭切
12	翰	dzwɔ̌n	1516	○	攢	在玩切	1501	攢	在玩切
12	翰	twɔ̌n	1517	○	鍛	都玩切	1502	鍛	都玩切
12	翰	thwɔ̌n	1518	○	彖	杜玩切	1503	彖	吐玩切
12	翰	dwɔ̌n	1519	○	段	杜玩切	1504	段	杜玩切
12	翰	lwɔ̌n	1520	○	亂	盧玩切	1505	亂	盧玩切
12	諫	kiǎn	1521	十諫¶¶	諫	居晏切	1506	諫	居晏切
12	諫	ʔiǎn	1522	○	晏	於諫切	1507	晏	於諫切
12	諫	kwǎn	1523	○	慣	古患切	1508	慣	古患切
12	諫	ɦwǎn	1524	○	患	胡貫切	1509	患	胡慣切
12	諫	phǎn	1524		襻	普患切	1510	襻	普患切
12	諫	fǎn	1525	○	番	甫患切	1511	番	甫患切
12	諫	mǎn	1526	○	慢	莫晏切	1512	慢	莫晏切
12	諫	ʂǎn	1527	○	訕	所晏切	1513	訕	所晏切
12	諫	ɖʐǎn	1528	○	棧	助諫切	1514	棧	助諫切
12	諫	ʈʂhwǎn	1529	○	篡	初患切	1515	篡	初患切
12	諫	ɦiǎn	1530	○	骭	下患切	1516	骭	下患切
12	諫	ŋwǎn	1531	○	薍	五患切	1517	薍	五患切
12	諫	tshǎn	1532	○	粲	倉晏切	1518	粲	倉晏切
12	諫	tsǎn	1533	○	贊	則諫切	1519	贊	則諫切
12	諫	dzǎn	1534	○	瓚	才賛切	1520	瓚	才贊切
12	諫	thǎn	1535	○	炭	他晏切	1521	炭	他晏切
12	諫	dǎn	1536	○	憚	杜晏切	1522	憚	杜晏切
12	諫	lǎn	1537	○	爛	郎患切	1523	爛	郎患切
12	諫	tǎn	1538	○	旦	得爛切	1524	旦	得爛切
12	諫	sǎn	1538		散	先諫切	1525	散	先諫切
12	諫	ʔwǎn	1539	○	腕	烏貫切	1526	腕	烏貫切
12	諫	(ŋ)jiǎn	1539		鴈	魚澗切	1527	鴈	魚澗切
12	諫	nǎn	1540	○	難	乃旦切	1528	難	乃旦切
12	諫	ʈʂhǎn	1540		鏟	初諫切	1529	鏟	初諫切
12	諫	bǎn	1541	○	瓣	備莧切	1530	瓣	備莧切
12	諫	phǎn	1542	○	盼	匹襇切	1531	盼	匹襉切
12	諫	ɖʐǎn	1542		綻	丈襇切	1532	綻	丈襉切
12	諫	ɦiǎn	1543	○	莧	狹襇切	1533	莧	狹澗切
12	諫	fǎn	1544	○	販	方諫切	1534	販	方諫切
12	諫	fǎn	1545	○	嬔	同上切	1534	嬔	NA
12	諫	fvǎn	1546	○	飯	符諫切	1535	飯	符諫切
12	諫	vǎn	1547	○	萬	無販切	1536	萬	無販切
12	霰	siɛ̌n	1548	十　一　霰¶¶	霰	先見切	1537	霰	先見切
12	霰	tshiɛ̌n	1549	○	蒨	倉甸切	1538	蒨	倉甸切
12	霰	dziɛ̌n	1550	○	荐	在甸切	1539	荐	在甸切
12	霰	sziɛ̌n	1551	○	羡	似面切	1540	羨	似面切
12	霰	dziɛ̌n	1552	○	賤	在線切	1541	賤	在線切
12	霰	tiɛ̌n	1553	○	殿	丁練切	1542	殿	丁練切
12	霰	thiɛ̌n	1554	○	瑱	他甸切	1543	瑱	他甸切
12	霰	diɛ̌n	1555	○	電	蕩練切	1544	電	蕩練切
12	霰	liɛ̌n	1556	○	練	卽甸切	1545	練	郎甸切
12	霰	lyuɛ̌n	1556		戀	龍眷切	1546	戀	龍眷切
12	霰	ɦiɛ̌n	1557	○	現	形甸切	1547	現	形甸切
12	霰	(ŋ)jiɛ̌n	1558	○	硯	倪甸切	1548	硯	倪甸切
12	霰	kiɛ̌n	1559	○	建	經電切	1549	建	經電切
12	霰	ɦyuɛ̌n	1560	○	眩	熒絹切	1550	眩	熒絹切
12	霰	(ŋ)jyuɛ̌n	1561	○	願	虞怨切	1551	願	虞怨切
12	霰	(ŋ)jyuɛ̌n	1562	○	院	NA	1551	院	NA
12	霰	hiɛ̌n	1562		獻	曉見切	1552	獻	曉見切
12	霰	khyuɛ̌n	1563	○	券	區願切	1553	券	區願切
12	霰	niɛ̌n	1564	○	碾	女箭切	1554	碾	女箭切
12	霰	kyuɛ̌n	1565	○	絹	吉掾切	1555	絹	吉掾切
12	霰	ʔiɛ̌n	1566	○	宴	伊甸切	1556	宴	伊甸切
12	霰	hyuɛ̌n	1567	○	絢	翾眩切	1557	絢	翾眩切
12	霰	piɛ̌n	1568	○	徧	卑見切	1558	徧	卑見切
12	霰	jyuɛ̌n	1569	○	怨	迂絹切	1559	怨	迂絹切
12	霰	phiɛ̌n	1570	○	片	匹見切	1560	片	匹見切
12	霰	miɛ̌n	1571	○	麪	莫見切	1561	麪	莫見切
12	霰	syuɛ̌n	1572	○	選	須絹切	1562	選	須絹切
12	霰	tshyuɛ̌n	1573	○	縓	取絹切	1563	縓	取絹切
12	霰	szyuɛ̌n	1574	○	旋	隨戀切	1564	旋	隨戀切
12	霰	ʃiɛ̌n	1575	○	扇	式戰切	1565	扇	式戰切
12	霰	tʃhiɛ̌n	1576	○	繟	天戰切	1566	繟	尺戰切
12	霰	tʃiɛ̌n	1577	○	戰	之膳切	1567	戰	之膳切
12	霰	ʃʒiɛ̌n	1578	○	繕	時載切	1568	繕	時戰切
12	霰	tʃyuɛ̌n	1579	○	囀	株戀切	1569	囀	株戀切
12	霰	tʃhyuɛ̌n	1580	○	釧	樞絹切	1570	釧	樞絹切
12	霰	dʒyuɛ̌n	1581	○	饌	除戀切	1571	饌	除戀切
12	霰	ʒyuɛ̌n	1582	○	𤲬	儒轉切	1572	𤲬	儒轉切
12	霰	dʒiɛ̌n	1583	○	纏	直碾切	1573	纏	直碾切
12	霰	dʒyuɛ̌n	1584	○	傳	柱戀切	1574	傳	住戀切
12	霰	khiɛ̌n	1585	○	譴	詰戰切	1575	譴	詰戰切
12	霰	gyuɛ̌n	1585		倦	逵眷切	1576	倦	逵眷切
12	霰	giɛ̌n	1586	○	健	渠建切	1577	健	渠建切
12	霰	biɛ̌n	1587	○	便	毗面切	1578	便	毗面切
12	霰	tsiɛ̌n	1588	○	薦	作甸切	1579	薦	作甸切
12	嘯	siɛ̌w	1589	十　二　嘯¶¶	嘯	蘇弔切	1580	嘯	蘇弔切
12	嘯	tiɛ̌w	1590	○	弔	多嘯切	1581	弔	多嘯切
12	嘯	thiɛ̌w	1591	○	糶	他弔切	1582	糶	他弔切
12	嘯	diɛ̌w	1592	○	調	杜弔切	1583	調	杜弔切
12	嘯	liɛ̌w	1593	○	料	力弔切	1584	料	力弔切
12	嘯	ŋiɛ̌w	1594	○	澆	五弔切	1585	澆	五弔切
12	嘯	niɛ̌w	1595	○	溺	奴弔切	1586	溺	奴弔切
12	嘯	khiɛ̌w	1596	○	竅	苦弔切	1587	竅	苦弔切
12	嘯	kiɛ̌w	1597	○	叫	古弔切	1588	叫	古弔切
12	嘯	ʔiɛ̌w	1598	○	要	一笑切	1589	要	一笑切
12	嘯	tshiɛ̌w	1599	○	陗	七肖切	1590	陗	七肖切
12	嘯	tsiɛ̌w	1600	○	醮	子肖切	1591	醮	子肖切
12	嘯	dziɛ̌w	1601	○	嚼	在笑切	1592	嚼	在笑切
12	嘯	ʃiɛ̌w	1602	○	少	失照切	1593	少	失照切
12	嘯	tʃiɛ̌w	1603	○	照	之笑切	1594	照	之笑切
12	嘯	ʃʒiɛ̌w	1604	○	邵	實照切	1595	邵	實照切
12	嘯	dʒiɛ̌w	1605	○	召	直笑切	1596	召	直笑切
12	嘯	jiɛ̌w	1606	○	燿	弋笑切	1597	燿	弋笑切
12	嘯	giɛ̌w	1607	○	嶠	渠廟切	1598	嶠	渠廟切
12	嘯	phiɛ̌w	1608	○	勡	匹妙切	1599	勡	匹妙切
12	嘯	biɛ̌w	1609	○	驃	毗召切	1600	驃	毗召切
12	嘯	miɛ̌w	1610	○	妙	彌笑切	1601	妙	彌笑切
12	嘯	hiɛ̌w	1611	○	歊	許照切	1602	歊	許照切
12	嘯	piɛ̌w	1612	○	俵	悲廟切	1603	俵	悲廟切
12	效	ɦiǎw	1613	十　三　效¶¶	效	胡孝切	1604	效	胡孝切
12	效	hiǎw	1626	○	孝	許敎切	1605	孝	許教切
12	效	khiǎw	1627	○	敲	口敎切	1606	敲	口教切
12	效	kiǎw	1628	○	敎	居效切	1607	敎	居效切
12	效	(ŋ)jiǎw	1629	○	樂	魚敎切	1608	樂	魚教切
12	效	pǎw	1630	○	豹	布恔切	1609	豹	布恔切
12	效	phǎw	1614	○	砲	披敎切	1610	砲	披教切
12	效	ʔiǎw	1615	○	拗	於敎切	1611	拗	於教切
12	效	mǎw	1616	○	貌	眉敎切	1612	貌	眉教切
12	效	mǎw	1617	○	㡌	莫報切	1613	㡌	莫報切
12	效	ʂǎw	1618	○	稍	所敎切	1614	稍	所教切
12	效	ʈʂhǎw	1619	○	鈔	楚敎切	1615	鈔	楚教切
12	效	ʈʂǎw	1620	○	罩	陟敎切	1616	罩	陟教切
12	效	ʈʂhǎw	1621	○	趠	敕敎切	1617	趠	勅教切
12	效	ɖʐǎw	1622	○	櫂	直敎切	1618	櫂	直教切
12	效	nǎw	1623	○	鬧	女敎切	1619	鬧	女教切
12	效	ʈʂǎw	1624	○	抓	側敎切	1620	抓	側教切
12	效	ɦǎw	1625	○	號	胡到切	1621	號	胡到切
12	效	hǎw	1631	○	耗	虚到切	1622	耗	虛到切
12	效	khǎw	1632	○	犒	口到切	1623	犒	口到切
12	效	kǎw	1632		誥	居號切	1624	誥	居號切
12	效	ʔǎw	1633	○	奥	於到切	1625	奧	於到切
12	效	ŋǎw	1634	○	慠	魚到切	1626	慠	魚到切
12	效	bǎw	1635	○	暴	蒲報切	1627	暴	蒲報切
12	效	sǎw	1636	○	噪	先到切	1628	噪	先到切
12	效	tshǎw	1637	○	操	七到切	1629	操	七到切
12	效	tsǎw	1638	○	竈	則到切	1630	竈	則到切
12	效	dzǎw	1639	○	漕	在到切	1631	漕	在到切
12	效	tǎw	1640	○	到	都導切	1632	到	都導切
12	效	dǎw	1641	○	導	杜到切	1633	導	杜到切
12	效	lǎw	1642	○	勞	郎到切	1634	勞	郎到切
12	效	nǎw	1643	○	臑	奴報切	1635	臑	奴報切
12	箇	kɔ̌	1644	十　四　箇¶¶	箇	古荷切	1636	箇	古荷切
12	箇	kwɔ̌	1645	○	過	古臥切	1637	過	古臥切
12	箇	khɔ̌	1646	○	軻	口个切	1638	軻	口个切
12	箇	khwɔ̌	1647	○	課	苦臥切	1639	課	苦臥切
12	箇	ɦwɔ̌	1647		賀	胡臥切	1640	賀	胡臥切
12	箇	ɦɔ̌	1648	○	荷	胡箇切	1641	荷	胡箇切
12	箇	ŋɔ̌	1649	○	餓	五箇切	1642	餓	五箇切
12	箇	lɔ̌	1650	○	邏	郎佐切	1643	邏	郎佐切
12	箇	sɔ̌	1651	○	些	蘓箇切	1644	些	蘇箇切
12	箇	tsɔ̌	1652	○	左	子賀切	1645	左	子賀切
12	箇	dwɔ̌	1653	○	惰	杜臥切	1646	惰	杜臥切
12	箇	nɔ̌	1654	○	奈	乃个切	1647	奈	乃个切
12	箇	tɔ̌	1655	○	癉	丁佐切	1648	癉	丁佐切
12	箇	pwɔ̌	1656	○	播	補過切	1649	播	補過切
12	箇	phwɔ̌	1657	○	破	普過切	1650	破	普過切
12	箇	mwɔ̌	1658	○	磨	莫臥切	1651	磨	莫臥切
12	箇	dzwɔ̌	1659	○	剉	才臥切	1652	剉	才臥切
12	箇	dzwɔ̌	1660	○	坐	徂臥切	1653	坐	徂臥切
12	箇	ʔwɔ̌	1661	○	涴	烏臥切	1654	涴	烏臥切
12	箇	hwɔ̌	1662	○	貨	呼臥切	1655	貨	呼臥切
12	箇	thwɔ̌	1663	○	唾	吐臥切	1656	唾	吐臥切
12	箇	fvwɔ̌	1664	○	縛	符臥切	1657	縛	符臥切
12	箇	hɔ̌	1665	○	呵	呼个切	1658	呵	呼个切
13	禡	mǎ	1666	¶十五禡¶¶	禡	莫駕切	1659	禡	莫駕切
13	禡	mǎ	1667	○	伯	NA	1659	伯	NA
13	禡	phǎ	1668	○	怕	普駕切	1660	怕	普駕切
13	禡	pǎ	1669	○	霸	必駕切	1661	霸	必駕切
13	禡	ʂǎ	1670	○	嗄	所嫁切	1662	嗄	所嫁切
13	禡	ʈʂǎ	1671	○	詐	側駕切	1663	詐	側駕切
13	禡	ɖʐǎ	1672	○	乍	助駕切	1664	乍	助駕切
13	禡	ʈʂhǎ	1673	○	咤	丑亞切	1665	咤	丑亞切
13	禡	ʈʂhǎ	1674	○	差	NA	1665	差	NA
13	禡	ɦiǎ	1675	○	暇	胡駕切	1666	暇	胡駕切
13	禡	hiǎ	1676	○	罅	虛訝切	1667	罅	虛訝切
13	禡	hiǎ	1677	○	嚇	NA	1667	嚇	NA
13	禡	khiǎ	1678	○	髂	格架切	1668	髂	枯駕切
13	禡	kiǎ	1679	○	駕	居亞切	1669	駕	居亞切
13	禡	bǎ	1680	○	罷	皮罵切	1670	罷	皮罵切
13	禡	ʔiǎ	1681	○	亞	衣架切	1671	亞	衣架切
13	禡	(ŋ)jiǎ	1682	○	訝	五駕切	1672	訝	五駕切
13	禡	ɦwǎ	1683	○	畫	胡挂切	1673	畫	胡挂切
13	禡	hwǎ	1684	○	化	呼霸切	1674	化	呼霸切
13	禡	khwǎ	1685	○	跨	苦化切	1675	跨	苦化切
13	禡	kwǎ	1686	○	卦	古畫切	1676	卦	古畫切
13	禡	ŋwǎ	1686		𡧗	五㕦切	1677	𡧗	五㕦切
13	蔗	tʃiɛ̌	1687	十六蔗¶¶	蔗	之夜切	1678	蔗	之夜切
13	蔗	siɛ̌	1688	○	瀉	司夜切	1679	瀉	司夜切
13	蔗	tsiɛ̌	1689	○	借	子夜切	1680	借	子夜切
13	蔗	sziɛ̌	1690	○	謝	詞夜切	1681	謝	詞夜切
13	蔗	ʃiɛ̌	1691	○	舍	式夜切	1682	舍	式夜切
13	蔗	ʃʒiɛ̌	1692	○	射	神夜切	1683	射	神夜切
13	蔗	jiɛ̌	1693	○	夜	寅射切	1684	夜	寅射切
13	蔗	tshiɛ̌	1693		䞣	遷謝切	1685	䞣	遷謝切
13	漾	jiɑ̌ŋ	1694	十七漾¶¶	漾	餘亮切	1686	漾	餘亮切
13	漾	fɑ̌ŋ	1695	○	訪	敷亮切	1687	訪	敷亮切
13	漾	vɑ̌ŋ	1696	○	妄	巫放切	1688	妄	巫放切
13	漾	siɑ̌ŋ	1697	○	相	息亮切	1689	相	息亮切
13	漾	ʃʒiɑ̌ŋ	1698	○	尚	時亮切	1690	尚	時亮切
13	漾	ʃiɑ̌ŋ	1699	○	餉	式亮切	1691	餉	式亮切
13	漾	tʃhiɑ̌ŋ	1700	○	唱	尺亮切	1692	唱	尺亮切
13	漾	tʃiɑ̌ŋ	1701	○	障	知亮切	1693	障	知亮切
13	漾	tsiɑ̌ŋ	1702	○	將	子亮切	1694	將	子亮切
13	漾	ʈʂɑ̌ŋ	1703	○	壯	側况切	1695	壯	側況切
13	漾	gwɑ̌ŋ	1704	○	狂	渠放切	1696	狂	渠放切
13	漾	tshiɑ̌ŋ	1705	○	蹡	七亮切	1697	蹡	七亮切
13	漾	ɖʐɑ̌ŋ	1706	○	狀	助浪切	1698	狀	助浪切
13	漾	dziɑ̌ŋ	1707	○	匠	疾亮切	1699	匠	疾亮切
13	漾	ʒiɑ̌ŋ	1708	○	讓	而亮切	1700	讓	而亮切
13	漾	ʈʂhɑ̌ŋ	1709	○	創	楚浪切	1701	創	楚浪切
13	漾	dʒiɑ̌ŋ	1710	○	仗	直亮切	1702	仗	直亮切
13	漾	liɑ̌ŋ	1711	○	諒	力仗切	1703	諒	力仗切
13	漾	hiɑ̌ŋ	1712	○	向	許亮切	1704	向	許亮切
13	漾	giɑ̌ŋ	1713	○	强	其亮切	1705	強	其亮切
13	漾	ʔiɑ̌ŋ	1714	○	怏	於亮切	1706	怏	於亮切
13	漾	ŋiɑ̌ŋ	1715	○	仰	魚向切	1707	仰	魚向切
13	漾	wɑ̌ŋ	1716	○	王	于放切	1708	王	于放切
13	漾	hwɑ̌ŋ	1717	○	況	虛放切	1709	況	虛放切
13	漾	kwɑ̌ŋ	1718	○	誑	古況切	1710	誑	古況切
13	漾	dɑ̌ŋ	1719	○	宕	徒浪切	1711	宕	徒浪切
13	漾	thɑ̌ŋ	1720	○	儻	他浪切	1712	儻	他浪切
13	漾	tɑ̌ŋ	1721	○	當	丁浪切	1713	當	丁浪切
13	漾	lɑ̌ŋ	1722	○	浪	郎宕切	1714	浪	郎宕切
13	漾	bɑ̌ŋ	1723	○	傍	蒲浪切	1715	傍	蒲浪切
13	漾	sɑ̌ŋ	1724	○	喪	蘇浪切	1716	喪	蘇浪切
13	漾	dzɑ̌ŋ	1725	○	藏	才浪切	1717	藏	才浪切
13	漾	tsɑ̌ŋ	1726	○	葬	則浪切	1718	葬	則浪切
13	漾	ɦɑ̌ŋ	1727	○	吭	下浪切	1719	吭	下浪切
13	漾	khɑ̌ŋ	1728	○	亢	口浪切	1720	亢	口浪切
13	漾	ʔɑ̌ŋ	1729	○	盎	於浪切	1721	盎	於浪切
13	漾	ŋɑ̌ŋ	1730	○	枊	魚浪切	1722	枊	魚浪切
13	漾	khwɑ̌ŋ	1731	○	曠	若謗切	1723	曠	苦謗切
13	漾	pɑ̌ŋ	1732	○	謗	補曠切	1724	謗	補曠切
13	漾	kwɑ̌ŋ	1733	○	廣	古曠切	1725	廣	古曠切
13	漾	phɑ̌ŋ	1734	○	滂	普浪切	1726	滂	普浪切
13	漾	nɑ̌ŋ	1735	○	儾	奴浪切	1727	儾	奴浪切
13	漾	mɑ̌ŋ	1736	○	漭	莫浪切	1728	漭	莫浪切
13	漾	kiɑ̌ŋ	1737	○	絳	古巷切	1729	絳	古巷切
13	漾	ɦiɑ̌ŋ	1738	○	巷	胡降切	1730	巷	胡降切
13	漾	ʈʂhɑ̌ŋ	1739	○	堫	楚降切	1731	堫	楚降切
13	漾	ʈʂɑ̌ŋ	1740	○	撞	陟降切	1732	撞	陟降切
13	漾	ɖʐɑ̌ŋ	1741	○	漴	士降切	1733	漴	士降切
13	漾	ʂɑ̌ŋ	1742	○	淙	色降切	1734	淙	色降切
13	漾	phɑ̌ŋ	1743	○	肨	匹絳切	1735	肨	匹絳切
13	漾	ʈʂhɑ̌ŋ	1744	○	䚎	丑降切	1736	䚎	丑降切
13	敬	kǐŋ	1745	十八敬¶¶	敬	居慶切	1737	敬	居慶切
13	敬	kǐŋ	1746	○	勁	居正切	1738	勁	居正切
13	敬	kǐŋ	1747	○	徑	吉定切	1739	徑	吉定切
13	敬	ʔǐŋ	1748	○	映	於命切	1740	映	於命切
13	敬	gǐŋ	1749	○	競	具映切	1741	競	其映切
13	敬	ʂə̌ŋ	1750	○	生	所敬切	1742	生	所敬切
13	敬	khǐŋ	1751	○	慶	丘正切	1743	慶	丘正切
13	敬	kə̌ŋ	1752	○	更	居孟切	1744	更	居孟切
13	敬	ɦiə̌ŋ	1753	○	行	胡孟切	1745	行	胡孟切
13	敬	ɦwə̌ŋ	1754	○	橫	戸孟切	1746	橫	戶孟切
13	敬	pə̌ŋ	1755	○	榜	比孟切	1747	榜	比孟切
13	敬	pə̌ŋ	1756	○	跰	NA	1747	跰	NA
13	敬	mə̌ŋ	1757	○	孟	莫更切	1748	孟	莫更切
13	敬	pǐŋ	1758	○	柄	陂病切	1749	柄	陂病切
13	敬	bǐŋ	1759	○	病	皮命切	1750	病	皮命切
13	敬	mǐŋ	1760	○	命	眉病切	1751	命	眉病切
13	敬	ŋǐŋ	1761	○	迎	魚慶切	1752	迎	魚慶切
13	敬	jyuə̌ŋ	1762	○	詠	爲命切	1753	詠	爲命切
13	敬	jyuə̌ŋ	1763	○	泳	NA	1753	泳	NA
13	敬	hyuə̌ŋ	1764	○	夐	呼正切	1754	𡕷	呼正切
13	敬	ʈʂə̌ŋ	1765	○	諍	側逬切	1755	諍	側迸切
13	敬	ŋə̌ŋ	1766	○	硬	魚孟切	1756	硬	魚孟切
13	敬	ʈʂhə̌ŋ	1767	○	瞠	敇諍切	1757	瞠	敕諍切
13	敬	phǐŋ	1768	○	聘	匹正切	1758	聘	匹正切
13	敬	sǐŋ	1769	○	性	息正切	1759	性	息正切
13	敬	tshǐŋ	1770	○	倩	七正切	1760	倩	七正切
13	敬	dzǐŋ	1771	○	淨	疾正切	1761	淨	疾正切
13	敬	ʃǐŋ	1772	○	聖	式正切	1762	聖	式正切
13	敬	ʃʒǐŋ	1773	○	盛	時正切	1763	盛	時正切
13	敬	tʃhǐŋ	1774	○	稱	丑正切	1764	稱	丑正切
13	敬	dʒǐŋ	1775	○	鄭	直正切	ytenx_digitalization_error_1764_1765	鄭	直正切
13	敬	tʃǐŋ	1776	○	正	之盛切	1765	正	之盛切
13	敬	lǐŋ	1777	○	令	力正切	1766	令	力正切
13	敬	lǐŋ	1778	○	零	NA	1766	零	NA
13	敬	ʔyuə̌ŋ	1779	○	瑩	縈定切	1767	瑩	縈定切
13	敬	ɖʐə̌ŋ	1780	○	鋥	除更切	1768	鋥	除更切
13	敬	tǐŋ	1781	○	釘	丁定切	1769	釘	丁定切
13	敬	thǐŋ	1782	○	聽	他定切	1770	聽	他定切
13	敬	dǐŋ	1783	○	定	徒逕切	1771	定	徒逕切
13	敬	nǐŋ	1784	○	甯	乃定切	1772	甯	乃定切
13	敬	tsǐŋ	1785	○	甑	子孕切	1773	甑	子孕切
13	敬	jǐŋ	1786	○	孕	以證切	1774	孕	以證切
13	敬	ɦǐŋ	1787	○	脛	形定切	1775	脛	形定切
13	敬	hǐŋ	1788	○	興	許應切	1776	興	許應切
13	敬	ʔǐŋ	1789	○	應	於證切	1777	應	於證切
13	敬	tə̌ŋ	1790	○	嶝	丁鄧切	1778	嶝	丁鄧切
13	敬	də̌ŋ	1791	○	鄧	唐亙切	1779	鄧	唐亙切
13	敬	pə̌ŋ	1792	○	堋	逋鄧切	1780	堋	逋鄧切
13	敬	dzə̌ŋ	1793	○	贈	昨亙切	1781	贈	昨亙切
13	敬	kə̌ŋ	1794	○	亙	居鄧切	1782	亙	居鄧切
13	敬	lə̌ŋ	1795	○	稜	魯鄧切	1783	稜	魯鄧切
13	敬	tshə̌ŋ	1796	○	蹭	七鄧切	1784	蹭	七鄧切
13	敬	ʒǐŋ	1797	○	認	而證切	1785	認	而證切
13	敬	thə̌ŋ	1798	○	𤃶	台鄧切	1786	𤃶	台鄧切
13	宥	jiǒw	1799	十九宥¶¶	宥	爰救切	1787	宥	爰救切
13	宥	jiǒw	1800	○	祐	NA	1787	祐	NA
13	宥	hiǒw	1801	○	齅	許救切	1788	齅	許救切
13	宥	hiǒw	1802	○	臭	NA	1788	臭	NA
13	宥	khiǒw	1803	○	糗	兵救切	1788_no_siewx_ghiunh_separator	糗	丘救切
13	宥	kiǒw	1804	○	救	居又切	1789	救	居又切
13	宥	giǒw	1805	○	舊	巨又切	1790	舊	巨又切
13	宥	fǒw	1806	○	副	敷救切	1791	副	敷救切
13	宥	fvǒw	1807	○	復	扶富切	1792	復	扶富切
13	宥	siǒw	1808	○	秀	息救切	1793	秀	息救切
13	宥	tsiǒw	1809	○	僦	卽就切	1794	僦	即就切
13	宥	sziǒw	1810	○	岫	似救切	1795	岫	似救切
13	宥	dziǒw	1811	○	就	疾僦切	1796	就	疾僦切
13	宥	ʃiǒw	1812	○	狩	舒救切	1797	狩	舒救切
13	宥	tʃhiǒw	1813	○	臭	尺救切	1798	臭	尺救切
13	宥	tʃiǒw	1814	○	祝	職救切	1799	祝	職救切
13	宥	tʃiǒw	1815	○	晝	NA	1799	晝	NA
13	宥	ʃʒiǒw	1816	○	授	承呪切	1800	授	承呪切
13	宥	ʒiǒw	1817	○	輮	如又切	1801	輮	如又切
13	宥	fǒw	1818	○	不	俯救切	1802	不	俯救切
13	宥	ʂǒw	1819	○	瘦	所救切	1803	瘦	所救切
13	宥	ʈʂhǒw	1820	○	簉	初救切	1804	簉	初救切
13	宥	ʈʂǒw	1821	○	縐	側救切	1805	縐	側救切
13	宥	ɖʐǒw	1822	○	驟	鉏救切	1806	驟	鉏救切
13	宥	dʒiǒw	1823	○	胄	直又切	1807	胄	直又切
13	宥	dʒiǒw	1824	○	伷	NA	1807	伷	NA
13	宥	dʒiǒw	1825	○	冑	NA	1807	冑	NA
13	宥	liǒw	1826	○	溜	力救切	1808	溜	力救切
13	宥	niǒw	1827	○	狃	女救切	1809	狃	女救切
13	宥	ɦǒw	1828	○	候	胡茂切	1810	候	胡茂切
13	宥	hǒw	1829	○	吼	許候切	1811	吼	許候切
13	宥	khǒw	1830	○	寇	丘候切	1812	寇	丘候切
13	宥	ʔǒw	1831	○	漚	於候切	1813	漚	於候切
13	宥	mǒw	1832	○	戊	莫候切	1814	戊	莫候切
13	宥	sǒw	1833	○	漱	先奏切	1815	漱	先奏切
13	宥	tshǒw	1834	○	湊	千候切	1816	湊	千候切
13	宥	tsǒw	1835	○	奏	則候切	1817	奏	則候切
13	宥	tǒw	1836	○	鬬	丁候切	1818	鬬	丁候切
13	宥	thǒw	1837	○	透	他候切	1819	透	他候切
13	宥	dǒw	1838	○	豆	大透切	1820	豆	大透切
13	宥	lǒw	1839	○	漏	郎豆切	1821	漏	郎豆切
13	宥	nǒw	1840	○	耨	乃豆切	1822	耨	乃豆切
13	宥	ŋǒw	1841	○	偶	五豆切	1823	偶	五豆切
13	宥	kǒw	1842	○	冓	居候切	1824	冓	居候切
13	宥	ʔiǒw	1843	○	幼	伊謬切	1825	幼	伊謬切
13	宥	miǒw	1844	○	謬	靡幼切	1826	謬	靡幼切
13	沁	tshǐm	1845	二十沁¶¶	沁	七鴆切	1827	沁	七鴆切
13	沁	tsǐm	1846	○	浸	子鴆切	1828	浸	子鴆切
13	沁	tʃǐm	1847	○	枕	職任切	1829	枕	職任切
13	沁	ʃʒǐm	1848	○	甚	時鴆切	1830	甚	時鴆切
13	沁	ʒǐm	1849	○	任	汝鴆切	1831	任	汝鴆切
13	沁	ʂə̌m	1850	○	滲	所禁切	1832	滲	所禁切
13	沁	ʈʂhə̌m	1851	○	讖	楚禁切	1833	讖	楚禁切
13	沁	ʈʂə̌m	1852	○	譖	側禁切	1834	譖	側禁切
13	沁	tʃhǐm	1853	○	闖	丑禁切	1835	闖	丑禁切
13	沁	lǐm	1854	○	臨	力禁切	1836	臨	力禁切
13	沁	gǐm	1855	○	紟	巨禁切	1837	紟	巨禁切
13	沁	dʒǐm	1856	○	鴆	眞禁切	1838	鴆	直禁切
13	沁	nǐm	1857	○	賃	女禁切	1839	賃	女禁切
13	沁	kǐm	1858	○	禁	居廕切	1840	禁	居廕切
13	沁	ʔǐm	1859	○	䕃	於禁切	1841	蔭	於禁切
13	沁	ʃǐm	1860	○	深	式禁切	1842	深	式禁切
13	沁	ŋǐm	1861	○	吟	宜禁切	1843	吟	宜禁切
13	勘	khǎm	1862	二十　一勘¶¶	勘	苦紺切	1844	勘	苦紺切
13	勘	kǎm	1863	○	紺	古暗切	1845	紺	古暗切
13	勘	ɦǎm	1864	○	憾	胡紺切	1846	憾	胡紺切
13	勘	ʔǎm	1865	○	暗	烏紺切	1846_no_siewx_ghiunh_separator	暗	烏紺切
13	勘	tshǎm	1866	○	參	七紺切	1847	參	七紺切
13	勘	thǎm	1867	○	探	他紺切	1848	探	他紺切
13	勘	khǎm	1868	○	闞	苦濫切	1849	闞	苦濫切
13	勘	dzǎm	1869	○	暫	昨濫切	1850	暫	昨濫切
13	勘	dzǎm	1870	○	儳	NA	1850	儳	NA
13	勘	sǎm	1871	○	三	息暫切	1851	三	息暫切
13	勘	tǎm	1872	○	擔	都濫切	1852	擔	都濫切
13	勘	dǎm	1873	○	淡	徒濫切	1853	淡	徒濫切
13	勘	thǎm	1874	○	賧	吐濫切	1854	賧	吐濫切
13	勘	lǎm	1875	○	濫	盧瞰切	1855	濫	盧瞰切
13	勘	ɦiǎm	1876	○	陷	乎韽切	1856	陷	乎韽切
13	勘	ʔiǎm	1877	○	韽	於陷切	1857	韽	於陷切
13	勘	ʈʂǎm	1878	○	蘸	莊陷切	1858	蘸	莊陷切
13	勘	ɖʐǎm	1879	○	湛	丈陷切	1859	湛	丈陷切
13	勘	kiǎm	1880	○	鑑	古陷切	1860	鑑	古陷切
13	勘	ɦiǎm	1881	○	檻	胡監切	1861	檻	胡監切
13	勘	ɖʐǎm	1882	○	讒	士監切	1862	讒	士監切
13	勘	ʂǎm	1882		摲	所鑑切	1863	摲	所鑑切
13	勘	fvǎm	1883	○	梵	扶泛切	1864	梵	扶泛切
13	豔	jiɛ̌m	1884	二十二豔¶¶	豔	以贍切	1865	豔	以贍切
13	豔	jiɛ̌m	1885	○	鹽	NA	1865	鹽	NA
13	豔	jiɛ̌m	1886	○	炎	NA	1865	炎	NA
13	豔	ʔiɛ̌m	1887	○	厭	於豔切	1866	厭	於豔切
13	豔	piɛ̌m	1888	○	窆	陂驗切	1867	窆	波驗切
13	豔	tshiɛ̌m	1889	○	塹	七豔切	1868	塹	七豔切
13	豔	ʃiɛ̌m	1890	○	苫	舒贍切	1869	苫	舒贍切
13	豔	tʃhiɛ̌m	1891	○	襜	冒豔切	1870	襜	昌豔切
13	豔	tʃiɛ̌m	1892	○	占	章豔切	1871	占	章豔切
13	豔	ʒiɛ̌m	1893	○	染	而豔切	1872	染	而豔切
13	豔	liɛ̌m	1894	○	斂	力驗切	1873	斂	力驗切
13	豔	thiɛ̌m	1895	○	㮇	他念切	1874	㮇	他念切
13	豔	tiɛ̌m	1896	○	店	都念切	1875	店	都念切
13	豔	niɛ̌m	1897	○	念	奴玷切	1876	念	奴玷切
13	豔	khiɛ̌m	1898	○	歉	詰念切	1877	歉	詰念切
13	豔	tsiɛ̌m	1899	○	僭	子念切	1878	僭	子念切
13	豔	ŋiɛ̌m	1900	○	釅	魚欠切	1879	釅	魚欠切
13	豔	niɛ̌m	1901	○	黏	尼欠切	1880	黏	尼欠切
13	豔	hiɛ̌m	1902	○	脅	虚欠切	1881	脅	虛欠切
13	豔	khiɛ̌m	1903	○	欠	去劒切	1882	欠	去劍切
13	豔	kiɛ̌m	1904	○	劒	居欠切	1883	劍	居欠切
14	屋	ʔuk	1905	入聲¶¶¶一屋¶¶	屋	烏谷切	1884	屋	烏谷切
14	屋	kuk	1906	○	穀	古祿切	1885	穀	古祿切
14	屋	khuk	1907	○	酷	枯沃切	1886	酷	枯沃切
14	屋	huk	1908	○	熇	呼木切	1887	熇	呼木切
14	屋	ɦȕk	1909	○	縠	胡谷切	1888	縠	胡谷切
14	屋	puk	1910	○	卜	博木切	1889	卜	博木切
14	屋	phuk	1911	○	撲	普卜切	1890	撲	普卜切
14	屋	bȕk	1912	○	僕	步木切	1891	僕	步木切
14	屋	mȕk	1913	○	木	莫卜切	1892	木	莫卜切
14	屋	suk	1914	○	速	蘇谷切	1893	速	蘇谷切
14	屋	syuk	1915	○	夙	蘇玉切	1894	夙	蘇玉切
14	屋	tshuk	1916	○	蔟	千木切	1895	蔟	千木切
14	屋	dzȕk	1917	○	族	昨木切	1896	族	昨木切
14	屋	thuk	1918	○	禿	他谷切	1897	禿	他禿切
14	屋	dȕk	1919	○	牘	杜谷切	1898	牘	杜谷切
14	屋	lȕk	1920	○	祿	盧谷切	1899	祿	盧谷切
14	屋	fuk	1921	○	福	方六切	1900	福	方六切
14	屋	fvȕk	1922	○	伏	房六切	1901	伏	房六切
14	屋	tsyuk	1923	○	蹙	子六切	1902	蹙	子六切
14	屋	ʃyuk	1924	○	叔	式竹切	1903	叔	式竹切
14	屋	tʃhyuk	1925	○	柷	昌六切	1904	柷	昌六切
14	屋	hyuk	1926	○	畜	許六切	1905	畜	許六切
14	屋	tʃyuk	1927	○	祝	之六切	1906	祝	之六切
14	屋	kyuk	1928	○	匊	居六切	1907	匊	居六切
14	屋	ʃʒyȕk	1929	○	孰	神六切	1908	孰	神六切
14	屋	ʒyȕk	1930	○	肉	而六切	1909	肉	而六切
14	屋	jyȕk	1931	○	育	余六切	1910	育	余六切
14	屋	ʔyuk	1932	○	郁	乙六切	1911	郁	乙六切
14	屋	ŋyȕk	1933	○	玉	魚欲切	1912	玉	魚欲切
14	屋	ʂuk	1934	○	縮	所六切	1913	縮	所六切
14	屋	dʒyȕk	1935	○	逐	直六切	1914	逐	直六切
14	屋	nyȕk	1936	○	朒	女六切	1915	朒	女六切
14	屋	khyuk	1937	○	麴	丘六切	1916	麴	丘六切
14	屋	gyȕk	1938	○	局	渠玉切	1917	局	渠玉切
14	屋	tsyuk	1939	○	足	縱玉切	1918	足	縱玉切
14	屋	szyȕk	1940	○	續	松玉切	1919	續	松玉切
14	屋	tuk	1941	○	篤	都毒切	1920	篤	都毒切
14	質	tʃit	1942	二質¶¶	質	職日切	1921	質	職日切
14	質	ʃit	1943	○	失	式質切	1922	失	式質切
14	質	ʃʒȉt	1943		實	同上切	1923	實	人室切
14	質	tʃhit	1944	○	叱	尺栗切	1924	叱	尺栗切
14	質	ʒȉt	1945	○	日	人質切	1925	日	人質切
14	質	ʂut	1946	○	率	朔律切	1926	率	朔律切
14	質	sit	1947	○	悉	息七切	1927	悉	息七切
14	質	tshit	1948	○	七	戚悉切	1928	七	戚悉切
14	質	tsit	1949	○	堲	子悉切	1929	堲	子悉切
14	質	dzȉt	1950	○	疾	昨悉切	1930	疾	昨悉切
14	質	pit	1951	○	必	壁吉切	1931	必	壁吉切
14	質	bȉt	1952	○	弼	薄密切	1932	弼	薄密切
14	質	mȉt	1953	○	密	覓筆切	1933	密	覓筆切
14	質	phit	1954	○	匹	僻吉切	1934	匹	僻吉切
14	質	dʒȉt	1955	○	秩	直質切	1935	秩	直質切
14	質	lȉt	1956	○	栗	力質切	1936	栗	力質切
14	質	nȉt	1957	○	暱	尼質切	1937	暱	尼質切
14	質	ŋȉt	1958	○	仡	魚乞切	1938	仡	魚乞切
14	質	jȉt	1959	○	逸	弋質切	1939	逸	弋質切
14	質	ʔit	1960	○	一	益悉切	1940	一	益悉切
14	質	khit	1961	○	乞	欺訖切	1941	乞	欺訖切
14	質	kit	1962	○	吉	激質切	1942	吉	激質切
14	質	hit	1963	○	肸	黑乙切	1943	肸	黑乙切
14	質	kyut	1964	○	橘	厥筆切	1944	橘	厥筆切
14	質	tyut	1965	○	祋	都律切	1945	祋	都律切
14	質	hyut	1966	○	矞	休筆切	1946	矞	休筆切
14	質	ʃʒyȕt	1967	○	術	食律切	1947	術	食律切
14	質	tʃhyut	1968	○	出	尺律切	1948	出	尺律切
14	質	syut	1969	○	恤	雪律切	1949	恤	雪律切
14	質	tshyut	1970	○	焌	促律切	1950	焌	促律切
14	質	tsyut	1971	○	卒	卽律切	1951	卒	即律切
14	質	dzyȕt	1972	○	崒	昨律切	1952	崒	昨律切
14	質	tʃyut	1973	○	窋	竹律切	1953	窋	竹律切
14	質	lyȕt	1974	○	律	劣戌切	1954	律	劣戌切
14	質	jyȕt	1975	○	聿	以律切	1955	聿	以律切
14	質	ʈʂət	1976	○	櫛	側瑟切	1956	櫛	側瑟切
14	質	ʂət	1977	○	瑟	色櫛切	1957	瑟	色櫛切
14	質	vȕt	1978	○	勿	文拂切	1958	勿	文拂切
14	質	fut	1979	○	拂	敷勿切	1959	拂	敷勿切
14	質	fvȕt	1979		佛	符勿切	1960	佛	符勿切
14	質	hyut	1980	○	欻	許勿切	1961	欻	許勿切
14	質	wȕt	1981	○	䬑	王勿切	ytenx_digitalization_error_1961_1962	䬑	王勿切
14	質	khyut	1982	○	屈	曲勿切	1962	屈	曲勿切
14	質	kyut	1983	○	屈	九勿切	1963	屈	九勿切
14	質	gyȕt	1984	○	倔	渠勿切	1964	倔	渠勿切
14	質	ʔyut	1985	○	鬱	紆勿切	1965	鬱	紆勿切
14	質	mȕt	1986	○	沒	莫勃切	1966	沒	莫勃切
14	質	bȕt	1987	○	孛	蒲沒切	1967	孛	蒲沒切
14	質	put	1988	○	不	逋沒切	1968	不	逋沒切
14	質	sut	1989	○	窣	蘇骨切	1969	窣	蘇骨切
14	質	tshut	1990	○	卒	蒼沒切	1970	卒	蒼沒切
14	質	tsut	1991	○	卒	臧沒切	1971	卒	臧沒切
14	質	tut	1992	○	咄	當沒切	1972	咄	當沒切
14	質	lȕt	1993	○	硉	盧沒切	1973	硉	盧沒切
14	質	phut	1994	○	朏	普沒切	1974	朏	普沒切
14	質	thut	1995	○	突	吐納切	1975	突	吐訥切
14	質	nȕt	1996	○	訥	奴骨切	1976	訥	奴骨切
14	質	ɦə̏t	1997	○	覈	下沒切	1977	覈	下沒切
14	質	ɦȕt	1998	○	鶻	胡骨切	1978	鶻	胡骨切
14	質	hut	1999	○	忽	呼骨切	1979	忽	呼骨切
14	質	khut	2000	○	窟	苦骨切	1980	窟	苦骨切
14	質	kut	2001	○	骨	古忽切	1981	骨	古忽切
14	質	ŋȕt	2002	○	兀	五忽切	1982	兀	五忽切
14	質	ŋȕt	2003	○	屼	NA	1982	屹	NA
14	質	ʔut	2004	○	媼	烏骨切	1983	媼	烏骨切
14	曷	ɦɔ̏t	2005	三曷¶¶	曷	何葛切	1984	曷	何葛切
14	曷	hɔt	2006	○	喝	許葛切	1985	喝	許葛切
14	曷	khɔt	2007	○	渴	丘葛切	1986	渴	丘葛切
14	曷	kɔt	2007		葛	居曷切	1987	葛	居曷切
14	曷	ʔɔt	2008	○	遏	阿葛切	1988	遏	阿葛切
14	曷	mwɔ̏t	2009	○	末	莫葛切	1989	末	莫葛切
14	曷	ɦwɔ̏t	2010	○	活	户括切	1990	活	戶括切
14	曷	hwɔt	2011	○	豁	呼括切	1991	豁	呼括切
14	曷	khwɔt	2012	○	闊	苦括切	1992	闊	苦括切
14	曷	kwɔt	2013	○	括	古活切	1993	括	古活切
14	曷	ʔwɔt	2014	○	斡	烏活切	1994	斡	烏活切
14	曷	pwɔt	2015	○	撥	北末切	1995	撥	北末切
14	曷	phwɔt	2016	○	潑	普活切	1996	潑	普活切
14	曷	bwɔ̏t	2017	○	跋	蒲撥切	1997	跋	蒲撥切
14	曷	tshwɔt	2018	○	撮	倉括切	1998	撮	倉括切
14	曷	tswɔt	2019	○	繓	子括切	1999	繓	子括切
14	曷	twɔt	2020	○	掇	都括切	2000	掇	都括切
14	曷	thwɔt	2021	○	脫	他括切	2001	脫	他括切
14	曷	dwɔ̏t	2022	○	奪	徒活切	2002	奪	徒活切
14	曷	lwɔ̏t	2023	○	捋	盧活切	2003	捋	盧活切
14	轄	ɦiȁt	2024	四轄¶¶	轄	胡八切	2004	轄	胡八切
14	轄	(ŋ)jiȁt	2025	○	蘖	牙八切	2005	蘖	牙八切
14	轄	sat	2026	○	薩	桑轄切	2006	薩	桑轄切
14	轄	dzȁt	2027	○	巀	才達切	2007	巀	才達切
14	轄	tat	2028	○	笪	當拔切	2008	笪	當拔切
14	轄	dȁt	2029	○	達	堂滑切	2009	達	堂滑切
14	轄	that	2030	○	闥	他達切	2010	闥	他達切
14	轄	lȁt	2031	○	剌	郎達切	2011	剌	郎達切
14	轄	nȁt	2032	○	捺	乃八切	2012	捺	乃八切
14	轄	tshat	2033	○	攃	七煞切	2013	攃	七煞切
14	轄	kiat	2034	○	戛	訖黠切	2014	戛	訖黠切
14	轄	ʔiat	2035	○	軋	乙黠切	2015	軋	乙黠切
14	轄	ɦwȁt	2036	○	猾	户八切	2016	猾	戶八切
14	轄	pat	2037	○	八	布拔切	2017	八	布拔切
14	轄	ʂat	2038	○	殺	山戛切	2018	殺	山戛切
14	轄	ʈʂhat	2039	○	察	初戛切	2019	察	初戛切
14	轄	ʈʂat	2040	○	札	側八切	2020	札	側八切
14	轄	nwȁt	2041	○	豽	女滑切	2021	豽	女滑切
14	轄	khiat	2042	○	楬	丘瞎切	2022	楬	丘瞎切
14	轄	kwat	2043	○	刮	古滑切	2023	刮	古滑切
14	轄	ʂwat	2044	○	刷	數滑切	2024	刷	數滑切
14	轄	ʈʂat	2045	○	哳	陟轄切	2025	哳	陟轄切
14	轄	mȁt	2046	○	帓	莫轄切	2026	帓	莫轄切
14	轄	that	2047	○	獺	逖轄切	2027	獺	逖轄切
14	轄	hiat	2048	○	瞎	許轄切	2028	瞎	許轄切
14	轄	ɖʐȁt	2049	○	䥷	查轄切	2029	𨰉	查轄切
14	轄	tswat	2050	○	拶	宗滑切	2030	拶	宗滑切
14	轄	fvȁt	2051	○	伐	房滑切	2031	伐	房滑切
14	轄	vȁt	2052	○	韈	無發切	2032	韈	無發切
14	轄	fat	2053	○	髮	方伐切	2033	髮	方伐切
15	屑	siɛt	2054	五屑¶¶	屑	先結切	2034	屑	先結切
15	屑	siɛt	2055	○	𨇨	NA	2034	𨇨	NA
15	屑	ŋiɛ̏t	2056	○	孽	魚列切	2035	孽	魚列切
15	屑	kiɛt	2057	○	結	古屑切	2036	結	古屑切
15	屑	khyuɛt	2058	○	闕	丘月切	2037	闕	丘月切
15	屑	giɛ̏t	2059	○	朅	竒熱切	2038	朅	琦熱切
15	屑	biɛ̏t	2060	○	別	避列切	2039	別	避列切
15	屑	piɛt	2061	○	鼈	必列切	2040	鼈	必列切
15	屑	liɛ̏t	2062	○	列	良薛切	2041	列	良薛切
15	屑	(ŋ)jyuɛ̏t	2063	○	月	魚厥切	2042	月	魚厥切
15	屑	ʔiɛt	2064	○	謁	於歇切	2043	謁	於歇切
15	屑	ɦyuɛ̏t	2065	○	穴	胡决切	2044	穴	胡决切
15	屑	hyuɛt	2066	○	烕	呼决切	2045	烕	呼决切
15	屑	tʃyuɛt	2067	○	拙	朱劣切	2046	拙	朱劣切
15	屑	miɛ̏t	2068	○	滅	彌列切	2047	滅	彌列切
15	屑	giɛ̏t	2069	○	傑	巨列切	2048	傑	巨列切
15	屑	ʒiɛ̏t	2070	○	熱	而列切	2049	熱	而列切
15	屑	phiɛt	2071	○	撆	匹蔑切	2050	撆	匹蔑切
15	屑	syuɛt	2072	○	雪	蘇絶切	2051	雪	蘇絕切
15	屑	khiɛt	2073	○	挈	詰結切	2052	挈	詰結切
15	屑	dʒyuɛ̏t	2074	○	茁	側劣切	2053	茁	側劣切
15	屑	dzyuɛt	2075	○	絕	情雪切	2054	絕	情雪切
15	屑	ʃyuɛt	2076	○	說	輸爇切	2055	說	輸𤑔切
15	屑	tsiɛt	2077	○	節	子結切	2056	節	子結切
15	屑	dziɛ̏t	2078	○	截	昨結切	2057	截	昨結切
15	屑	thiɛt	2079	○	鐵	他結切	2058	鐵	他結切
15	屑	ʔyuɛt	2080	○	抉	一决切	2059	抉	一决切
15	屑	tʃhyuɛt	2080		歠	昌悅切	2060	歠	昌悅切
15	屑	lyuɛ̏t	2081	○	劣	力輟切	2061	劣	力輟切
15	屑	ʒyuɛ̏t	2082	○	爇	儒劣切	2062	𤑔	儒劣切
15	屑	kyuɛt	2083	○	厥	居月切	2063	厥	居月切
15	屑	kyuɛt	2084	○	鴂	NA	2063	鴂	NA
15	屑	tʃhiɛt	2085	○	徹	敕列切	2064	徹	敕列切
15	屑	dʒiɛ̏t	2086	○	轍	直列切	2065	轍	直列切
15	屑	gyuɛ̏t	2087	○	橜	其月切	2066	橜	其月切
15	屑	tʃiɛt	2088	○	浙	之列切	2067	浙	之列切
15	屑	ɦiɛ̏t	2089	○	纈	胡結切	2068	纈	胡結切
15	屑	jiɛ̏t	2090	○	曳	延結切	2069	曳	延結切
15	屑	ʃiɛt	2091	○	設	式列切	2070	設	式列切
15	屑	niɛ̏t	2092	○	涅	乃結切	2071	涅	乃結切
15	屑	ʃʒiɛ̏t	2093	○	舌	食列切	2072	舌	食列切
15	屑	diɛ̏t	2094	○	耊	杜結切	2073	耋	杜結切
15	屑	hiɛt	2095	○	歇	許竭切	2074	歇	許竭切
15	屑	tshiɛt	2095		切	千結切	2075	切	千結切
15	屑	ʂwat	2096	○	刷	所劣切	2076	刷	所劣切
15	藥	jiɔ̏k	2097	六藥¶¶	藥	弋灼切	2077	藥	弋灼切
15	藥	(ŋ)jiɔ̏k	2098	○	嶽	逆角切	2078	嶽	逆角切
15	藥	ʔiɔk	2099	○	渥	乚角切	2079	渥	乙角切
15	藥	ʔiɔk	2100	○	約	乚却切	2080	約	乙却切
15	藥	hiɔk	2101	○	謔	迄却切	2081	謔	迄却切
15	藥	fvɔ̏k	2102	○	縛	符約切	2082	縛	符約切
15	藥	siɔk	2103	○	削	息約切	2083	削	息約切
15	藥	sɔk	2104	○	索	昔各切	2084	索	昔各切
15	藥	tshɔk	2105	○	錯	七各切	2085	錯	七各切
15	藥	tshiɔk	2106	○	鵲	七雀切	2086	鵲	七雀切
15	藥	dziɔ̏k	2107	○	皭	疾雀切	2087	皭	疾雀切
15	藥	tsiɔk	2108	○	爵	卽約切	2088	爵	即約切
15	藥	tsɔk	2109	○	作	卽各切	2089	作	即各切
15	藥	dzɔ̏k	2110	○	昨	疾各切	2090	昨	疾各切
15	藥	ʃiɔk	2111	○	鑠	式灼切	2091	鑠	式灼切
15	藥	ɖʐɔ̏k	2112	○	浞	食角切	2092	浞	食角切
15	藥	ʂɔk	2113	○	朔	色角切	2093	朔	色角切
15	藥	tʃiɔk	2114	○	灼	職略切	2094	灼	職略切
15	藥	dʒiɔ̏k	2115	○	箸	直略切	2095	箸	直略切
15	藥	tʃhiɔk	2116	○	綽	尺約切	2096	綽	尺約切
15	藥	ʃʒiɔ̏k	2117	○	杓	裳灼切	2097	杓	裳灼切
15	藥	ʒiɔ̏k	2118	○	若	如灼切	2098	若	如灼切
15	藥	liɔ̏k	2119	○	略	力灼切	2099	略	力灼切
15	藥	khiɔk	2120	○	却	乞約切	2100	却	乞約切
15	藥	khyuɔk	2121	○	躩	丘縛切	2101	躩	丘縛切
15	藥	khɔk	2122	○	恪	克各切	2102	恪	克各切
15	藥	kiɔk	2122		覺	訖岳切	2103	覺	訖岳切
15	藥	giɔ̏k	2123	○	噱	極虐切	2104	噱	極虐切
15	藥	kyuɔk	2124	○	矍	厥縛切	2105	矍	厥縛切
15	藥	kɔk	2125	○	各	葛鶴切	2106	各	葛鶴切
15	藥	ʔwɔk	2126	○	雘	烏郭切	2107	雘	烏郭切
15	藥	hwɔk	2127	○	霍	忽郭切	2108	霍	忽郭切
15	藥	ɦwɔ̏k	2128	○	穫	胡郭切	2109	穫	胡郭切
15	藥	hyuɔk	2129	○	戄	許縛切	2110	戄	許縛切
15	藥	thɔk	2130	○	託	他各切	2111	託	他各切
15	藥	lɔ̏k	2131	○	洛	歴各切	2112	洛	歷各切
15	藥	nɔ̏k	2132	○	諾	奴各切	2113	諾	奴各切
15	藥	pɔk	2133	○	博	伯各切	2114	博	伯各切
15	藥	bɔ̏k	2134	○	雹	弼角切	2115	雹	弼角切
15	藥	tɦɔ̏k	2135	○	鐸	達各切	2116	鐸	達各切
15	藥	phɔk	2136	○	朴	匹各切	2117	朴	匹各切
15	藥	mɔ̏k	2137	○	莫	末各切	2118	莫	末各切
15	藥	ɦɔ̏k	2138	○	鶴	曷各切	2119	鶴	曷各切
15	藥	hɔk	2139	○	𦞦	黒各切	2120	臛	黑各切
15	藥	ɦiɔ̏k	2140	○	學	轄覺切	2121	學	轄覺切
15	藥	khwɔk	2141	○	廓	苦郭切	2122	廓	苦郭切
15	藥	kwɔk	2142	○	郭	古博切	2123	郭	古博切
15	藥	ʔɔk	2143	○	惡	遏各切	2124	惡	遏各切
15	藥	ŋɔ̏k	2143		諤	逆各切	2125	諤	逆各切
15	藥	ʈʂhɔk	2144	○	娖	測角切	2126	娖	測角切
15	藥	ʈʂɔk	2145	○	捉	竹角切	2127	捉	竹角切
15	藥	ɖʐɔ̏k	2146	○	濁	直角切	2128	濁	直角切
15	藥	ʈʂhɔk	2147	○	㪬	敕角切	not_found_in_tciengh_ghiunh_tsen	not_found_in_tciengh_ghiunh_tsen	not_found_in_tciengh_ghiunh_tsen
16	陌	mə̏k	2148	¶七陌¶¶	陌	莫白切	2129	陌	莫白切
16	陌	phək	2149	○	拍	普伯切	2130	拍	普伯切
16	陌	pək	2150	○	百	博陌切	2131	百	博陌切
16	陌	bə̏k	2151	○	白	簿陌切	2132	白	薄陌切
16	陌	ɖʐə̏k	2152	○	宅	直格切	2133	宅	直格切
16	陌	ʈʂhək	2153	○	坼	耻格切	2134	坼	恥格切
16	陌	pək	2154	○	檗	博厄切	2135	檗	搏厄切
16	陌	hək	2155	○	赫	呼格切	2136	赫	呼格切
16	陌	hək	2156	○	黑	迄得切	2137	黑	迄得切
16	陌	khək	2157	○	客	乞格切	2138	客	乞格切
16	陌	kək	2157		格	各頟切	2139	格	各頟切
16	陌	ŋə̏k	2158	○	額	卾格切	2140	額	鄂格切
16	陌	ɦwə̏k	2159	○	畫	霍虢切	2141	畫	霍虢切
16	陌	kwək	2160	○	虢	古伯切	2142	虢	古伯切
16	陌	ʂək	2161	○	索	色窄切	2143	索	色窄切
16	陌	ʈʂək	2162	○	窄	側格切	2144	窄	側格切
16	陌	ʔək	2163	○	厄	乙革切	2145	厄	乙革切
16	陌	ɖʐə̏k	2164	○	賾	士革切	2146	賾	士革切
16	陌	sik	2165	○	昔	思積切	2147	昔	思積切
16	陌	tshik	2166	○	刺	七迹切	2148	刺	七迹切
16	陌	szȉk	2167	○	席	祥亦切	2149	席	祥亦切
16	陌	dzȉk	2168	○	寂	前歴切	2150	寂	前歷切
16	陌	tsik	2169	○	積	資昔切	2151	積	資昔切
16	陌	ʃik	2170	○	釋	施隻切	2152	釋	施隻切
16	陌	tʃhik	2171	○	尺	昌石切	2153	尺	昌石切
16	陌	tʃhik	2172	○	𪀦	NA	2153	𪀦	NA
16	陌	tʃik	2173	○	隻	之石切	2154	隻	之石切
16	陌	tʃik	2174	○	膱	NA	2154	膱	NA
16	陌	ʃʒȉk	2175	○	石	裳隻切	2155	石	裳隻切
16	陌	dʒȉk	2176	○	擲	直隻切	2156	擲	直隻切
16	陌	ʔik	2177	○	益	伊昔切	2157	益	伊昔切
16	陌	jȉk	2177		繹	夷益切	2158	繹	夷益切
16	陌	pik	2178	○	壁	必歴切	2159	壁	必歷切
16	陌	phik	2179	○	僻	匹亦切	2160	僻	匹亦切
16	陌	nȉk	2180	○	匿	女力切	2161	匿	女力切
16	陌	bȉk	2181	○	闢	毗亦切	2162	闢	毗亦切
16	陌	gyuə̏k	2182	○	玃	俱碧切	2163	玃	俱碧切
16	陌	khyuək	2183	○	躩	驅碧切	2164	躩	驅碧切
16	陌	hik	2184	○	虩	迄逆切	2165	𧈅	迄逆切
16	陌	kik	2185	○	戟	訖逆切	2166	戟	訖逆切
16	陌	gȉk	2186	○	劇	竭戟切	2167	劇	竭戟切
16	陌	ŋȉk	2187	○	逆	宜㦸切	2168	逆	宜戟切
16	陌	khyuək	2188	○	隙	乞逆切	2169	隙	乞逆切
16	陌	mȉk	2189	○	覓	莫狄切	2170	覓	莫狄切
16	陌	tik	2190	○	的	丁歴切	2171	的	丁歷切
16	陌	thik	2191	○	逖	他歴切	2172	逖	他歷切
16	陌	dȉk	2192	○	狄	杜歴切	2173	狄	杜歷切
16	陌	lȉk	2193	○	厯	郞狄切	2174	歷	郎狄切
16	陌	ɦȉk	2194	○	檄	刑狄切	2175	檄	刑狄切
16	陌	khik	2195	○	喫	苦擊切	2176	喫	苦擊切
16	陌	khyuək	2196	○	闃	苦狊切	2177	闃	苦狊切
16	陌	kyuək	2197	○	狊	古闃切	2178	狊	古闃切
16	陌	hyuək	2198	○	殈	呼狊切	2179	殈	呼狊切
16	陌	ʃʒȉk	2199	○	寔	丞職切	2180	寔	丞職切
16	陌	ʈʂhik	2200	○	測	初力切	2181	測	初力切
16	陌	dzȉk	2201	○	崱	疾力切	2182	崱	疾力切
16	陌	dzə̏k	2202	○	賊	疾則切	2183	賊	疾則切
16	陌	tsik	2203	○	卽	節力切	2184	卽	節力切
16	陌	jyuə̏k	2204	○	域	越逼切	2185	域	越逼切
16	陌	tək	2205	○	德	多則切	2186	德	多則切
16	陌	thək	2206	○	忒	惕德切	2187	忒	惕德切
16	陌	də̏k	2207	○	特	敵德切	2188	特	敵德切
16	陌	lə̏k	2208	○	勒	歴德切	2189	勒	歷德切
16	陌	pək	2209	○	北	必勒切	2190	北	必勒切
16	陌	bə̏k	2210	○	匐	步黑切	2191	匐	步黑切
16	陌	mə̏k	2211	○	墨	宻北切	2192	墨	密北切
16	陌	sək	2212	○	塞	悉則切	2193	塞	悉則切
16	陌	tsək	2213	○	則	子德切	2194	則	子德切
16	陌	ɦə̏k	2214	○	劾	胡得切	2195	劾	胡得切
16	陌	ɦwə̏k	2215	○	或	穫北切	2196	或	穫北切
16	陌	ɦwə̏k	2216	○	獲	胡麥切	2197	獲	胡麥切
16	緝	tship	2217	八緝¶¶	緝	七入切	2198	緝	七入切
16	緝	ʈʂɨp	2218	○	戢	側入切	2199	戢	側入切
16	緝	sip	2219	○	霫	息入切	2200	霫	息入切
16	緝	szȉp	2220	○	習	席入切	2201	習	席入切
16	緝	dzȉp	2221	○	集	秦入切	2202	集	秦入切
16	緝	tʃip	2222	○	執	質入切	2203	執	質入切
16	緝	dʒȉp	2223	○	蟄	直立切	2204	蟄	直立切
16	緝	tʃhip	2224	○	蟄	尺入切	2205	蟄	尺入切
16	緝	ʃʒȉp	2225	○	十	寔執切	2206	十	寔執切
16	緝	ʒȉp	2226	○	入	日執切	2207	入	日執切
16	緝	ʂɨp	2227	○	澀	色入切	2208	澀	色入切
16	緝	lȉp	2228	○	立	力入切	2209	立	力入切
16	緝	ʔip	2229	○	揖	一入切	2210	揖	一入切
16	緝	hip	2230	○	吸	許及切	2211	吸	許及切
16	緝	khip	2231	○	泣	乞及切	2212	泣	乞及切
16	緝	kip	2232	○	急	居立切	2213	急	居立切
16	緝	gȉp	2233	○	及	忌立切	2214	及	忌立切
16	緝	tsip	2234	○	湒	賫入切	2215	湒	賫入切
16	合	ɦɔ̏p	2235	九合¶¶	合	胡閤切	2216	合	胡閤切
16	合	khɔp	2236	○	榼	克盍切	2217	榼	克盍切
16	合	kɔp	2237	○	閤	古沓切	2218	閤	古沓切
16	合	ʔɔp	2238	○	姶	遏合切	2219	姶	遏合切
16	合	sap	2239	○	趿	悉合切	2220	趿	悉合切
16	合	tsap	2240	○	帀	作荅切	2221	帀	作答切
16	合	dzȁp	2241	○	雜	昨荅切	2222	雜	昨答切
16	合	tap	2242	○	答	得合切	2223	答	得合切
16	合	tshap	2243	○	雜	七合切	2224	雜	七合切
16	合	thap	2244	○	錔	託合切	2225	錔	託合切
16	合	dȁp	2245	○	沓	達合切	2226	沓	達合切
16	合	lȁp	2246	○	蠟	落合切	2227	蠟	落合切
16	合	nȁp	2247	○	納	奴荅切	2228	納	奴答切
16	合	thap	2248	○	榻	託甲切	2229	榻	託甲切
16	合	thap	2249	○	塌	NA	2229	塌	NA
16	合	ɦiȁp	2250	○	洽	胡夾切	2230	洽	胡夾切
16	合	khiap	2250		恰	苦洽切	2231	恰	苦洽切
16	合	kiap	2250		夾	古洽切	2232	夾	古洽切
16	合	ʂap	2251	○	㰱	色洽切	2233	歃	色洽切
16	合	ʈʂhap	2252	○	𢆍	測洽切	2234	臿	測洽切
16	合	ʈʂap	2253	○	劄	竹洽切	2235	劄	竹洽切
16	合	nȁp	2254	○	𢇵	昵洽切	2236	𢇵	胒洽切
16	合	ʔap	2255	○	押	乙甲切	2237	押	乙甲切
16	合	hiap	2256	○	呷	呼甲切	2238	呷	呼甲切
16	合	ɖʐȁp	2257	○	霅	直甲切	2239	霅	直甲切
16	合	fvȁp	2258	○	乏	扶沓切	2240	乏	扶沓切
16	合	fap	2259	○	法	方甲切	2241	法	方甲切
16	葉	jiɛ̏p	2260	十葉¶¶	葉	弋涉切	2242	葉	弋涉切
16	葉	giɛ̏p	2261	○	笈	極曄切	2243	笈	極曄切
16	葉	tshiɛp	2262	○	妾	七接切	2244	妾	七接切
16	葉	tsiɛp	2263	○	接	卽涉切	2245	接	即涉切
16	葉	dziɛ̏p	2264	○	捷	疾葉切	2246	捷	疾葉切
16	葉	ʃiɛp	2265	○	攝	失涉切	2247	攝	失涉切
16	葉	tʃiɛp	2266	○	讋	質涉切	2248	讋	質涉切
16	葉	niɛ̏p	2267	○	聶	尼輒切	2249	聶	尼輒切
16	葉	dʒiɛ̏p	2268	○	䐑	直涉切	2250	䐑	直涉切
16	葉	liɛ̏p	2269	○	獵	力渉切	2251	獵	力涉切
16	葉	thiɛp	2270	○	帖	他協切	2252	帖	他協切
16	葉	tiɛp	2271	○	喋	丁協切	2253	喋	丁協切
16	葉	ɦiɛ̏p	2272	○	協	胡頰切	2254	協	胡頰切
16	葉	ɦiɛ̏p	2273	○	俠	NA	2254	俠	NA
16	葉	ɦiɛ̏p	2274	○	拹	NA	2254	恊	NA
16	葉	kiɛp	2275	○	頰	古協切	2255	頰	古協切
16	葉	khiɛp	2275		篋	乞協切	2256	篋	乞協切
16	葉	hiɛp	2276	○	偞	呼協切	2257	偞	呼協切
16	葉	siɛp	2277	○	燮	悉協切	2258	燮	悉協切
16	葉	ŋiɛ̏p	2278	○	業	魚怯切	2259	業	魚怯切
NA	東	puŋ	NA		NA	NA	2260	崩	卜公切
NA	東	phuŋ	NA		NA	NA	2261	趽	滂公切
NA	寒	nwɔ̏n	NA		NA	NA	2262	渜	奴官切
NA	麻	tha	NA		NA	NA	2263	他	湯家切
NA	侵	fim	NA		NA	NA	2264	風	孚金切
NA	董	kûŋ	NA		NA	NA	2265	礦	古猛切
NA	董	bǔŋ'	NA		NA	NA	2266	䣙	NA
NA	紙	ûi	NA		NA	NA	2267	芛	NA
NA	馬	nâ	NA		NA	NA	2268	那	NA
NA	養	hwɑ̂ŋ	NA		NA	NA	2269	謊	NA
NA	感	nâm	NA		NA	NA	2270	湳	乃感切
NA	震	kǔn	NA		NA	NA	2271	睔	古困切
NA	效	thǎw	NA		NA	NA	2272	套	NA
NA	禡	ʔǎ	NA		NA	NA	2273	大	一駕切
NA	勘	ʈʂhǎm	NA		NA	NA	2274	懺	NA
NA	勘	dǎm	NA		NA	NA	2275	贉	徒紺切
