tciengh_ghiunh_volume_index	tciengh_ghiunh_syllabe_divider	pronunciation_hint	ipa	tciengh_ghiunh_character	tciengh_ghiunh_siewx_ghiunh_index	ytenx_tciengh_ghiunh_tsen_character	ytenx_tciengh_ghiunh_tsen_siewx_ghiunh_index	missing_siewx_ghiunh_separator_in_tciengh_ghiunh_tsen
1	平聲¶¶¶一東¶¶	徳紅切	tuŋ	東	1	東	1	FALSE
1	○	佗紅切	thuŋ	通	2	通	2	FALSE
1	○	徒紅切	thȕŋ	同	3	同	3	FALSE
1	○	盧容切	lȕŋ	龍	4	龍	4	FALSE
1	○	良中切	lyȕŋ	隆	5	隆	5	FALSE
1	○	蒲紅切	phȕŋ	蓬	6	蓬	6	FALSE
1	○	莫紅切	mȕŋ	蒙	7	蒙	7	FALSE
1	○	倉紅切	tshuŋ	悤	8	悤	8	FALSE
1	○	祖冬切	tsuŋ	宗	9	宗	9	FALSE
1	○	將容切	tsyuŋ	縱	10	縱	10	FALSE
1	○	徂紅切	tshȕŋ	叢	11	叢	11	FALSE
1	○	牆容切	tshyȕŋ	從	12	從	12	FALSE
1	○	胡公切	ɦȕŋ	洪	13	洪	13	FALSE
1	○	呼洪切	huŋ	烘	14	烘	14	FALSE
1	○	苦紅切	khuŋ	空	15	空	15	FALSE
1	○	古紅切	kuŋ	公	16	公	16	FALSE
1	○	烏紅切	ʔuŋ	翁	17	翁	17	FALSE
1	○	方中切	fuŋ	風	18	風	18	FALSE
1	○	符中切	fvȕŋ	馮	19	馮	19	FALSE
1	○	息中切	syuŋ	松	20	松	20	FALSE
1	○	昌中切	tʃhyuŋ	充	21	充	21	FALSE
1	○	陟隆切	tʃyuŋ	中	22	中	22	FALSE
1	○	而中切	ʒyȕŋ	戎	23	戎	23	FALSE
1	○	鉏中切	ʈʂhȕŋ	崇	24	崇	24	FALSE
1	○	持中切	tʃhyȕŋ	蟲	25	蟲	25	FALSE
1	○	以中切	jyȕŋ	融	26	融	26	FALSE
1	○	魚容切	jyȕŋ	顒	27	顒	27	FALSE
1	○	居中切	kyuŋ	弓	28	弓	28	FALSE
1	○	丘中切	khyuŋ	穹	29	穹	29	FALSE
1	○	渠宮切	khyȕŋ	窮	30	窮	30	FALSE
1	○	奴宗切	nȕŋ	農	31	農	31	FALSE
1	○	書容切	ʃyuŋ	舂	32	舂	32	FALSE
1	○	許容切	hyuŋ	胷	33	胷	33	FALSE
1	○	於容切	ʔyuŋ	邕	34	邕	34	FALSE
1	○	胡容切	ɦyȕŋ	雄	35	雄	35	FALSE
1	二支¶¶	旨而切	tʃiɨ	支	36	支	36	FALSE
1		同上切	tʂɨ	葘	36	葘	37	FALSE
1	○	申之切	ʃiɨ	施	37	施	38	FALSE
1	○	叉兹切	tʂhɨ	差	38	差	39	FALSE
1	○	辰之切	ʃʒiɨ̏	時	39	時	40	FALSE
1	○	如支切	ɻ̏	兒	40	兒	41	FALSE
1	○	相咨切	sɨ	斯	41	斯	42	FALSE
1	○	此兹切	tshɨ	雌	42	雌	43	FALSE
1	○	津私切	tsɨ	貲	43	貲	44	FALSE
1	○	才資切	tshɨ̏	疵	44	疵	45	FALSE
1	○	珍而切	tʃi	知	45	知	46	FALSE
1	○	抽知切	tʃhi	摛	46	摛	47	FALSE
1	○	陳知切	tʃhȉ	馳	47	馳	48	FALSE
1	○	篇夷切	phi	紕	48	紕	49	FALSE
1	○	逋眉切	pi	悲	49	悲	50	FALSE
1	○	蒲糜切	phȉ	皮	50	皮	51	FALSE
1	○	忙皮切	mȉ	麋	51	麋	52	FALSE
1	○	延知切	jȉ	夷	52	夷	53	FALSE
1	○	渠宜切	khȉ	奇	53	奇	54	FALSE
1	○	虛宜切	hi	羲	54	羲	55	FALSE
1	○	於宜切	ʔi	伊	55	伊	56	FALSE
1	○	詳兹切	szɨ̏	詞	56	詞	57	FALSE
1	○	無非切	vȉ	微	57	微	58	FALSE
1	○	符非切	fvȉ	肥	58	肥	59	FALSE
1	○	芳微切	fi	霏	59	霏	60	FALSE
1	三齊¶¶	前西切	tshȉ	齊	60	齊	61	FALSE
1	○	先齊切	si	西	61	西	62	FALSE
1	○	千西切	tshi	妻	62	妻	63	FALSE
1	○	牋西切	tsi	齎	63	齎	64	FALSE
1	○	都黎切	ti	氐	64	氐	65	FALSE
1	○	天黎切	thi	梯	65	梯	66	FALSE
1	○	杜兮切	thȉ	題	66	題	67	FALSE
1	○	年題切	nȉ	泥	67	泥	68	FALSE
1	○	研奚切	jȉ	倪	68	倪	69	FALSE
1	○	鄰溪切	lȉ	離	69	離	70	FALSE
1	○	堅溪切	ki	雞	70	雞	71	FALSE
1	○	牽奚切	khi	谿	71	谿	72	FALSE
1	○	弦雞切	ɦȉ	兮	72	兮	73	FALSE
1	○	綿兮切	mȉ	迷	73	迷	74	FALSE
1	○	邊迷切	pi	篦	74	篦	75	FALSE
1	○	淵畦切	ʔi	烓	75	烓	76	FALSE
2	¶四魚¶¶	牛居切	jy̏	魚	76	魚	77	FALSE
2	○	雲居切	jy̏	于	77	于	78	FALSE
2	○	衣虚切	ʔy	於	78	於	79	FALSE
2	○	休居切	hy	虛	79	虛	80	FALSE
2	○	丘於切	khy	區	80	區	81	FALSE
2	○	斤於切	ky	居	81	居	82	FALSE
2	○	求於切	khy̏	渠	82	渠	83	FALSE
2	○	新於切	sy	胥	83	胥	84	FALSE
2	○	子余切	tsy	疽	84	疽	85	FALSE
2	○	祥於切	szy̏	徐	85	徐	86	FALSE
2	○	商居切	ʃy	書	86	書	87	FALSE
2	○	専於切	tʃy	諸	87	諸	88	FALSE
2	○	長魚切	tʃhy̏	除	88	除	89	FALSE
2	○	尚朱切	ʃʒy̏	殊	89	殊	90	FALSE
2	○	人余切	ʒy̏	如	90	如	91	FALSE
2	○	女居切	ny̏	袽	91	袽	92	FALSE
2	○	抽居切	tʃhy	樞	92	樞	93	FALSE
2	○	凌如切	ly̏	閭	93	閭	94	FALSE
2	○	逡須切	tshy	趨	94	趨	95	FALSE
2	五模¶¶	莫胡切	mȕ	模	95	模	96	FALSE
2	○	滂模切	phu	鋪	96	鋪	97	FALSE
2	○	奔謨切	pu	逋	97	逋	98	FALSE
2	○	宗蘇切	tsu	租	98	租	99	FALSE
2	○	叢租切	tshȕ	徂	99	徂	100	FALSE
2	○	薄胡切	phȕ	蒲	100	蒲	101	FALSE
2	○	東徒切	tu	都	101	都	102	FALSE
2	○	同都切	thȕ	徒	102	徒	103	FALSE
2	○	龍都切	lȕ	盧	103	盧	104	FALSE
2	○	農都切	nȕ	奴	104	奴	105	FALSE
2	○	洪孤切	ɦȕ	胡	105	胡	106	FALSE
2	○	攻乎切	ku	孤	106	孤	107	FALSE
2	○	空胡切	khu	枯	107	枯	108	FALSE
2	○	荒胡切	hu	呼	108	呼	109	FALSE
2	○	訛胡切	ŋȕ	吾	109	吾	110	FALSE
2	○	倉胡切	tshu	麤	110	麤	111	FALSE
2	○	汪胡切	ʔu	烏	111	烏	112	FALSE
2	○	孫租切	su	蘇	112	蘇	113	FALSE
2	○	楚徂切	tʂhu	初	113	初	114	FALSE
2	○	山徂切	ʂu	蔬	114	蔬	115	FALSE
2	○	芳無切	fu	敷	115	敷	116	FALSE
2	○	逢夫切	fvȕ	扶	116	扶	117	FALSE
2	○	微夫切	vȕ	無	117	無	118	FALSE
2	六皆¶¶	居諧切	kiai	皆	118	皆	119	FALSE
2	○	丘皆切	khiai	𦂄	119	𦂄	120	FALSE
2	○	雄皆切	ɦiȁi	諧	120	諧	121	FALSE
2	○	公懐切	kwai	乖	121	乖	122	FALSE
2	○	乎乖切	ɦwȁi	懷	122	懷	123	FALSE
2	○	初皆切	tʂhai	差	123	差	124	FALSE
2	○	莊皆切	tʂai	齋	124	齋	125	FALSE
2	○	牀皆切	ʈʂhȁi	豺	125	豺	126	FALSE
2	○	步皆切	phȁi	排	126	排	127	FALSE
2	○	謨皆切	mȁi	埋	127	埋	128	FALSE
2	○	所皆切	ʂai	簁	128	簁	129	FALSE
2	○	宜皆切	jiȁi	涯	129	涯	130	FALSE
2	○	呼來切	hai	咍	130	咍	131	FALSE
2	○	丘哀切	khai	開	131	開	132	FALSE
2	○	柯開切	kai	該	132	該	133	FALSE
2	○	何開切	ɦȁi	孩	133	孩	134	FALSE
2	○	於開切	ʔai	哀	134	哀	135	FALSE
2	○	魚開切	ŋȁi	皚	135	皚	136	FALSE
2	○	湯來切	thai	胎	136	胎	137	FALSE
2	○	堂來切	thȁi	臺	137	臺	138	FALSE
2	○	囊來切	nȁi	能	138	能	139	FALSE
2	○	郎才切	lȁi	來	139	來	140	FALSE
2	○	桑才切	sai	䚡	140	䚡	141	FALSE
2	○	倉才切	tshai	猜	141	猜	142	FALSE
2	○	將來切	tsai	哉	142	哉	143	FALSE
2	○	牆來切	tshȁi	裁	143	裁	144	FALSE
2	七灰¶¶	呼回切	hui	灰	144	灰	145	FALSE
2	○	枯回切	khui	恢	145	恢	146	FALSE
2	○	烏魁切	ʔui	煨	146	煨	147	FALSE
2	○	姑回切	kui	傀	147	傀	148	FALSE
2	○	居爲切	kui	規	148	規	149	FALSE
2	○	胡瑰切	ɦȕi	回	149	回	150	FALSE
2	○	吾回切	ŋȕi	危	150	危	151	FALSE
2	○	都回切	tui	堆	151	堆	152	FALSE
2	○	通回切	thui	推	152	推	153	FALSE
2	○	徒回切	thȕi	隤	153	隤	154	FALSE
2	○	盧回切	lȕi	雷	154	雷	155	FALSE
2	○	倉回切	tshui	崔	155	崔	156	FALSE
2	○	晡回切	pui	杯	156	杯	157	FALSE
2	○	鋪杯切	phui	丕	157	丕	158	FALSE
2	○	謨杯切	mȕi	枚	158	枚	159	FALSE
2	○	直追切	tʃhȕi	垂	159	垂	160	FALSE
2	○	旬威切	szȕi	隨	160	隨	161	FALSE
2	○	朱惟切	tʃui	隹	161	隹	162	FALSE
2	○	如佳切	ʒȕi	甤	162	甤	163	FALSE
2	○	蘇回切	sui	雖	163	雖	164	FALSE
2	○	于嬀切	ȕi	爲	164	爲	165	FALSE
2	○	渠爲切	khȕi	葵	165	葵	166	FALSE
2	○	遵綏切	tsui	嗺	166	嗺	167	FALSE
2	○	蒲枚切	phȕi	裴	167	裴	168	FALSE
2	○	所追切	ʂui	衰	168	衰	169	FALSE
2	○	儒隹切	ʒȕi	痿	169	痿	170	FALSE
2	○	津垂切	tsui	厜	170	厜	171	FALSE
2	○	視隹切	ʃʒȕi	誰	171	誰	172	FALSE
2	○	翾圭切	hui	睢	172	睢	173	FALSE
2	○	昌唾切	tʃhui	吹	173	吹	174	FALSE
2	○	徂回切	tshȕi	摧	174	摧	175	FALSE
3	¶八真¶¶	之人切	tʃin	眞	175	眞	176	FALSE
3	○	升人切	ʃin	申	176	申	177	FALSE
3	○	稱人切	tʃhin	瞋	177	瞋	178	FALSE
3	○	丞眞切	ʃʒȉn	辰	178	辰	179	FALSE
3	○	而鄰切	ʒȉn	人	179	人	180	FALSE
3	○	斯鄰切	sin	辛	180	辛	181	FALSE
3	○	七人切	tshin	親	181	親	182	FALSE
3	○	費半切	tsin	津	182	津	183	FALSE
3	○	慈鄰切	tshȉn	秦	183	秦	184	FALSE
3	○	紕民切	phin	繽	184	繽	185	FALSE
3	○	卑民切	pin	賔	185	賔	186	FALSE
3	○	毗賔切	phȉn	頻	186	頻	187	FALSE
3	○	彌鄰切	mȉn	民	187	民	188	FALSE
3	○	池鄰切	tʃhȉn	陳	188	陳	189	FALSE
3	○	離珍切	lȉn	鄰	189	鄰	190	FALSE
3	○	伊眞切	ʔin	因	190	因	191	FALSE
3	○	紆倫切	ʔyun	氲	191	氳	192	FALSE
3	○	尼鄰切	nȉn	紉	192	紉	193	FALSE
3	○	于分切	jyȕn	雲	193	雲	194	FALSE
3	○	規倫切	kyun	鈞	194	鈞	195	FALSE
3	○	居銀切	kin	巾	195	巾	196	FALSE
3	○	渠巾切	khȉn	勤	196	勤	197	FALSE
3	○	魚巾切	jȉn	銀	197	銀	198	FALSE
3	○	區倫切	khyun	囷	198	囷	199	FALSE
3	○	許云切	hyun	熏	199	熏	200	FALSE
3		渠云切	khyȕn	羣	199	羣	201	FALSE
3	○	許斤切	hin	欣	200	欣	202	FALSE
3	○	朱倫切	tʃyun	諄	201	諄	203	FALSE
3	○	樞倫切	tʃhyun	春	202	春	204	FALSE
3	○	殊倫切	ʃʒyȕn	純	203	純	205	FALSE
3	○	須倫切	syun	荀	204	荀	206	FALSE
3	○	七倫切	tshyun	逡	205	逡	207	FALSE
3	○	徂尊切	tshȕn	存	206	存	208	FALSE
3	○	詳倫切	szyȕn	旬	207	旬	209	FALSE
3	○	龍春切	lyȕn	倫	208	倫	210	FALSE
3	○	無分切	vȕn	文	209	文	211	FALSE
3	○	敷文切	fun	芬	210	芬	212	FALSE
3	○	符分切	fvȕn	汾	211	汾	213	FALSE
3	○	胡昆切	ɦȕn	䰟	212	䰟	214	FALSE
3	○	公渾切	kun	昆	213	昆	215	FALSE
3	○	烏昆切	ʔun	溫	214	溫	216	FALSE
3	○	呼昆切	hun	昏	215	昏	217	FALSE
3	○	枯昆切	khun	坤	216	坤	218	FALSE
3	○	逋昆切	pun	奔	217	奔	219	FALSE
3	○	鋪䰟切	phun	歕	218	歕	220	FALSE
3	○	蒲奔切	phȕn	盆	219	盆	221	FALSE
3	○	謨奔切	mȕn	門	220	門	222	FALSE
3	○	蘇昆切	sun	孫	221	孫	223	FALSE
3	○	倉尊切	tshun	村	222	村	224	FALSE
3	○	租昆切	tsun	尊	223	尊	225	FALSE
3	○	他昆切	thun	暾	224	暾	226	FALSE
3	○	徒孫切	thȕn	屯	225	屯	227	FALSE
3	○	盧昆切	lȕn	論	226	論	228	FALSE
3	○	都昆切	tun	敦	227	敦	229	FALSE
3	○	側詵切	tʂən	臻	228	臻	230	FALSE
3	○	疏臻切	ʂən	莘	229	莘	231	FALSE
3	○	鉏臻切	ʈʂhə̏n	榛	230	榛	232	FALSE
3	○	胡恩切	ɦə̏n	痕	231	痕	233	FALSE
3	○	古痕切	kən	根	232	根	234	FALSE
3	○	烏痕切	ʔən	恩	233	恩	235	FALSE
3	○	五根切	ŋə̏n	垠	234	垠	236	FALSE
3	九寒¶¶	河干切	ɦɔ̏n	寒	235	寒	237	FALSE
3		俄寒切	ŋɔ̏n	豻	235	豻	238	FALSE
3	○	丘寒切	khɔn	看	236	看	239	FALSE
3	○	居寒切	kɔn	干	237	干	240	FALSE
3	○	於寒切	ʔɔn	安	238	安	241	FALSE
3	○	呼官切	hwɔn	歡	239	歡	242	FALSE
3	○	枯官切	khwɔn	寬	240	寬	243	FALSE
3	○	沽歡切	kwɔn	官	241	官	244	FALSE
3	○	爲歡切	ʔwɔn	剜	242	剜	245	FALSE
3	○	吾官切	ŋwɔ̏n	岏	243	岏	246	FALSE
3	○	鋪官切	phwɔn	潘	244	潘	247	FALSE
3	○	逋潘切	pwɔn	般	245	般	248	FALSE
3	○	蒲官切	phwɔ̏n	槃	246	槃	249	FALSE
3	○	not_a_new_pronunciation	phwɔ̏n	般	247	般	249	FALSE
3	○	謨官切	mwɔ̏n	瞞	248	瞞	250	FALSE
3	○	蘇官切	swɔn	酸	249	酸	251	FALSE
3	○	祖官切	tswɔn	鑽	250	鑽	252	FALSE
3	○	徂官切	tshwɔ̏n	欑	251	欑	253	FALSE
3	○	多官切	twɔn	端	252	端	254	FALSE
3	○	他官切	thwɔn	湍	253	湍	255	FALSE
3	○	徒官切	thwɔ̏n	團	254	團	256	FALSE
3	○	盧官切	lwɔ̏n	鸞	255	鸞	257	FALSE
3	○	胡官切	ɦwɔ̏n	桓	256	桓	258	FALSE
3	○	許干切	hɔn	暵	257	暵	259	FALSE
3	十刪¶¶	師姦切	ʂan	刪	258	刪	260	FALSE
3	○	相關切	swan	散	259	散	261	FALSE
3	○	姑還切	kwan	關	260	關	262	FALSE
3	○	烏還切	ʔwan	彎	261	彎	263	FALSE
3	○	胡關切	ɦwȁn	還	262	還	264	FALSE
3	○	阻頑切	tʂwan	跧	263	跧	265	FALSE
3	○	居顔切	kian	姦	264	姦	266	FALSE
3	○	not_a_new_pronunciation	kian	菅	265	菅	266	FALSE
3	○	牛姦切	jiȁn	顏	266	顏	267	FALSE
3	○	五還切	ŋwȁn	頑	267	頑	268	FALSE
3	○	逋還切	pan	班	268	班	269	FALSE
3	○	逋閑切	pan	斒	269	斒	270	FALSE
3	○	五閑切	jiȁn	虤	270	虤	271	FALSE
3	○	披班切	phan	攀	271	攀	272	FALSE
3	○	謨還切	mȁn	蠻	272	蠻	273	FALSE
3	○	鉏山切	ʈʂhȁn	潺	273	潺	274	FALSE
3	○	千山切	tshan	餐	274	餐	275	FALSE
3	○	離閑切	lȁn	斕	275	斕	276	FALSE
3	○	何艱切	ɦiȁn	閑	276	閑	277	FALSE
3	○	蒲閑切	phȁn	瓣	277	瓣	278	FALSE
3	○	丘閑切	khian	慳	278	慳	279	FALSE
3	○	烏閑切	ʔian	黫	279	黫	280	FALSE
3	○	孚艱切	fan	翻	280	翻	281	FALSE
3	○	符艱切	fvȁn	煩	281	煩	282	FALSE
3	○	財艱切	tshȁn	殘	282	殘	283	FALSE
3	○	都艱切	tan	單	283	單	284	FALSE
3	○	他丹切	than	灘	284	灘	285	FALSE
3	○	唐闌切	thȁn	壇	285	壇	286	FALSE
3	○	呼關切	hwan	儇	286	儇	287	FALSE
3	○	那壇切	nȁn	難	287	難	288	FALSE
3	○	數還切	ʂwan	𣠯	288	𣟴	289	FALSE
4	¶十一先¶¶	蘇前切	siɛn	先	289	先	290	FALSE
4		他前切	thiɛn	天	289	天	291	FALSE
4		倉先切	tshiɛn	千	289	千	292	FALSE
4	○	則前切	tsiɛn	箋	290	箋	293	FALSE
4	○	才先切	tshiɛ̏n	前	291	前	294	FALSE
4	○	卑眠切	piɛn	邊	292	邊	295	FALSE
4	○	紕連切	phiɛn	篇	293	篇	296	FALSE
4	○	莫堅切	miɛ̏n	眠	294	眠	297	FALSE
4	○	多年切	tiɛn	顚	295	顚	298	FALSE
4	○	亭年切	thiɛ̏n	田	296	田	299	FALSE
4	○	寧田切	niɛ̏n	年	297	年	300	FALSE
4	○	靈年切	liɛ̏n	蓮	298	蓮	301	FALSE
4	○	經天切	kiɛn	堅	299	堅	302	FALSE
4	○	苦堅切	khiɛn	牽	300	牽	303	FALSE
4	○	胡田切	ɦiɛ̏n	賢	301	賢	304	FALSE
4	○	夷然切	jiɛ̏n	延	302	延	305	FALSE
4	○	因肩切	ʔiɛn	煙	303	煙	306	FALSE
4	○	圭淵切	kyuɛn	涓	304	涓	307	FALSE
4	○	重圓切	tʃhyuɛ̏n	椽	305	椽	308	FALSE
4	○	胡涓切	ɦyuɛ̏n	玄	306	玄	309	FALSE
4	○	閭圓切	lyuɛ̏n	攣	307	攣	310	FALSE
4	○	縈圓切	ʔyuɛn	淵	308	淵	311	FALSE
4	○	如延切	ʒiɛ̏n	然	309	然	312	FALSE
4	○	徐延切	sziɛ̏n	涎	310	涎	313	FALSE
4	○	尸連切	ʃiɛn	羶	311	羶	314	FALSE
4	○	時連切	ʃʒiɛ̏n	鋋	312	鋋	315	FALSE
4	○	諸延切	tʃiɛn	饘	313	饘	316	FALSE
4	○	呈延切	tʃhiɛ̏n	蟬	314	蟬	317	FALSE
4	○	鋤連切	ʈʂhȁn	潺	315	潺	318	FALSE
4	○	抽延切	tʃhiɛn	梴	316	梴	319	FALSE
4	○	虛延切	hiɛn	軒	317	軒	320	FALSE
4	○	渠焉切	khiɛ̏n	乾	318	乾	321	FALSE
4	○	蒲眠切	phiɛ̏n	緶	319	緶	322	FALSE
4	○	息縁切	syuɛn	宣	320	宣	323	FALSE
4	○	且緣切	tshyuɛn	詮	321	詮	324	FALSE
4	○	子全切	tsyuɛn	鐫	322	鐫	325	FALSE
4	○	旬緣切	szyuɛ̏n	旋	323	旋	326	FALSE
4	○	才緣切	tshyuɛ̏n	全	324	全	327	FALSE
4	○	昌緣切	tʃhyuɛn	穿	325	穿	328	FALSE
4	○	朱緣切	tʃyuɛn	專	326	專	329	FALSE
4	○	而宣切	ʒyuɛ̏n	𤲬	327	𤲬	330	FALSE
4	○	呼淵切	hyuɛn	暄	328	暄	331	FALSE
4	○	于權切	jyuɛ̏n	員	329	員	332	FALSE
4	○	not_a_new_pronunciation	jyuɛ̏n	元	330	元	332	FALSE
4	○	驅圓切	khyuɛn	圈	331	圈	333	FALSE
4	○	逵員切	khyuɛ̏n	權	332	權	334	FALSE
4	十二蕭¶¶	先彫切	siɛw	蕭	333	蕭	335	FALSE
4	○	丁聊切	tiɛw	貂	334	貂	336	FALSE
4	○	他彫切	thiɛw	祧	335	祧	337	FALSE
4	○	田聊切	thiɛ̏w	迢	336	迢	338	FALSE
4	○	連條切	liɛ̏w	聊	337	聊	339	FALSE
4	○	堅堯切	kiɛw	驍	338	驍	340	FALSE
4	○	伊堯切	ʔiɛw	幺	339	幺	341	FALSE
4	○	丘妖切	khiɛw	橇	340	橇	342	FALSE
4	○	此遥切	tshiɛw	篍	341	篍	343	FALSE
4	○	玆消切	tsiɛw	焦	342	焦	344	FALSE
4	○	慈消切	tshiɛ̏w	樵	343	樵	345	FALSE
4	○	卑遥切	piɛw	猋	344	猋	346	FALSE
4	○	紕招切	phiɛw	漂	345	漂	347	FALSE
4	○	毗招切	phiɛ̏w	瓢	346	瓢	348	FALSE
4	○	眉鑣切	miɛ̏w	苗	347	苗	349	FALSE
4	○	尸昭切	ʃiɛw	燒	348	燒	350	FALSE
4	○	蚩招切	tʃhiɛw	弨	349	弨	351	FALSE
4	○	之遙切	tʃiɛw	昭	350	昭	352	FALSE
4	○	時昭切	ʃʒiɛ̏w	韶	351	韶	353	FALSE
4	○	如招切	ʒiɛ̏w	饒	352	饒	354	FALSE
4	○	馳遙切	tʃhiɛ̏w	潮	353	潮	355	FALSE
4	○	餘招切	jiɛ̏w	堯	354	堯	356	FALSE
4	○	祁堯切	khiɛ̏w	橋	355	橋	357	FALSE
4	○	吁驕切	hiɛw	鴞	356	鴞	358	FALSE
4	十三爻¶¶	何交切	ɦiȁw	爻	357	爻	359	FALSE
4	○	居肴切	kiaw	交	358	交	360	FALSE
4	○	丘交切	khiaw	敲	359	敲	361	FALSE
4	○	虚交切	hiaw	哮	360	哮	362	FALSE
4	○	於交切	ʔiaw	坳	361	坳	363	FALSE
4	○	班交切	paw	包	362	包	364	FALSE
4	○	披交切	phaw	胞	363	胞	365	FALSE
4	○	蒲交切	phȁw	庖	364	庖	366	FALSE
4	○	謨交切	mȁw	茅	365	茅	367	FALSE
4	○	所交切	ʂaw	梢	366	梢	368	FALSE
4	○	楚交切	tʂhaw	䜈	367	䜈	369	FALSE
4	○	鋤交切	ʈʂhȁw	巢	368	巢	370	FALSE
4	○	陟交切	tʂaw	嘲	369	嘲	371	FALSE
4	○	尼交切	nȁw	鐃	370	鐃	372	FALSE
4	○	胡刀切	ɦȁw	豪	371	豪	373	FALSE
4	○	呼髙切	haw	蒿	372	蒿	374	FALSE
4	○	姑勞切	kaw	高	373	高	375	FALSE
4	○	於刀切	ʔaw	鏖	374	鏖	376	FALSE
4	○	牛刀切	ŋȁw	敖	375	敖	377	FALSE
4	○	博毛切	paw	襃	376	襃	378	FALSE
4	○	蘇曹切	saw	騷	377	騷	379	FALSE
4	○	倉刀切	tshaw	操	378	操	380	FALSE
4	○	則刀切	tsaw	遭	379	遭	381	FALSE
4	○	財勞切	tshȁw	曹	380	曹	382	FALSE
4	○	都髙切	taw	刀	381	刀	383	FALSE
4	○	他刀切	thaw	饕	382	饕	384	FALSE
4	○	徒刀切	thȁw	匋	383	匋	385	FALSE
4	○	郎刀切	lȁw	勞	384	勞	386	FALSE
4	○	奴刀切	nȁw	猱	385	猱	387	FALSE
4	○	若高切	khaw	尻	386	尻	388	FALSE
4	十四歌¶¶	居何切	kɔ	歌	387	歌	389	FALSE
4	○	丘何切	khɔ	珂	388	珂	390	FALSE
4	○	虎何切	hɔ	訶	389	訶	391	FALSE
4	○	於何切	ʔɔ	阿	390	阿	392	FALSE
4	○	寒歌切	ɦɔ̏	何	391	何	393	FALSE
4	○	牛何切	ŋɔ̏	莪	392	莪	394	FALSE
4	○	桑何切	sɔ	娑	393	娑	395	FALSE
4	○	倉何切	tshɔ	蹉	394	蹉	396	FALSE
4	○	才何切	tshɔ̏	醝	395	醝	397	FALSE
4	○	得何切	tɔ	多	396	多	398	FALSE
4	○	湯何切	thɔ	佗	397	佗	399	FALSE
4	○	唐何切	thɔ̏	駝	398	駝	400	FALSE
4	○	郎何切	lɔ̏	羅	399	羅	401	FALSE
4	○	奴何切	nɔ̏	那	400	那	402	FALSE
4	○	古禾切	kwɔ	戈	401	戈	403	FALSE
4	○	苦禾切	khwɔ	科	402	科	404	FALSE
4	○	烏禾切	ʔwɔ	渦	403	渦	405	FALSE
4	○	戸戈切	ɦwɔ̏	和	404	和	406	FALSE
4	○	吾禾切	ŋwɔ̏	訛	405	訛	407	FALSE
4	○	補禾切	pwɔ	波	406	波	408	FALSE
4	○	普禾切	phwɔ	頗	407	頗	409	FALSE
4	○	蒲禾切	phwɔ̏	媻	408	媻	410	FALSE
4	○	眉波切	mwɔ̏	摩	409	摩	411	FALSE
5	¶十五麻¶¶	謨加切	mȁ	麻	410	麻	412	FALSE
5	○	披巴切	pha	葩	411	葩	413	FALSE
5	○	邦加切	pa	巴	412	巴	414	FALSE
5	○	蒲巴切	phȁ	杷	413	杷	415	FALSE
5	○	師加切	ʂa	沙	414	沙	416	FALSE
5	○	初加切	tʂha	叉	415	叉	417	FALSE
5	○	莊加切	tʂa	樝	416	樝	418	FALSE
5	○	職瓜切	tʂwa	檛	417	檛	419	FALSE
5	○	鋤加切	ʈʂhȁ	槎	418	槎	420	FALSE
5	○	女加切	nȁ	拏	419	拏	421	FALSE
5	○	何加切	ɦiȁ	遐	420	遐	422	FALSE
5	○	虚加切	hia	呀	421	呀	423	FALSE
5	○	丘加切	khia	呿	422	呿	424	FALSE
5	○	居牙切	kia	嘉	423	嘉	425	FALSE
5	○	具牙切	khiȁ	伽	424	伽	426	FALSE
5	○	於加切	ʔia	鴉	425	鴉	427	FALSE
5	○	牛加切	jiȁ	牙	426	牙	428	FALSE
5	○	胡瓜切	ɦwȁ	華	427	華	429	FALSE
5	○	呼瓜切	hwa	花	428	花	430	FALSE
5	○	枯瓜切	khwa	誇	429	誇	431	FALSE
5	○	古華切	kwa	瓜	430	瓜	432	FALSE
5	○	烏瓜切	ʔwa	窊	431	窊	433	FALSE
5	十六遮¶¶	之奢切	tʃiɛ	遮	432	遮	434	FALSE
5	○	詩遮切	ʃiɛ	奢	433	奢	435	FALSE
5	○	思遮切	siɛ	些	434	些	436	FALSE
5	○	昌遮切	tʃhiɛ	車	435	車	437	FALSE
5	○	咨邪切	tsiɛ	嗟	436	嗟	438	FALSE
5	○	徐嗟切	sziɛ̏	邪	437	邪	439	FALSE
5	○	石遮切	ʃʒiɛ̏	蛇	438	蛇	440	FALSE
5	○	于遮切	jiɛ̏	耶	439	耶	441	FALSE
5	○	具遮切	khiɛ̏	茄	440	茄	442	FALSE
5	○	丁邪切	tiɛ	爹	441	爹	443	FALSE
5	○	毁遮切	hyɛ	靴	442	靴	444	FALSE
5	○	巨靴切	khyɛ̏	瘸	443	瘸	445	FALSE
5	十七陽¶¶	移章切	jiɑ̏ŋ	陽	444	陽	446	FALSE
5	○	敷房切	fɑŋ	芳	445	芳	447	FALSE
5	○	符方切	fvɑ̏ŋ	房	446	房	448	FALSE
5	○	無方切	vɑ̏ŋ	亡	447	亡	449	FALSE
5	○	息良切	siɑŋ	襄	448	襄	450	FALSE
5	○	千羊切	tshiɑŋ	鏘	449	鏘	451	FALSE
5	○	資良切	tsiɑŋ	將	450	將	452	FALSE
5	○	徐羊切	sziɑ̏ŋ	詳	451	詳	453	FALSE
5	○	慈良切	tshiɑ̏ŋ	牆	452	牆	454	FALSE
5	○	尸羊切	ʃiɑŋ	商	453	商	455	FALSE
5	○	齒良切	tʃhiɑŋ	昌	454	昌	456	FALSE
5	○	止良切	tʃiɑŋ	章	455	章	457	FALSE
5	○	陳羊切	ʃʒiɑ̏ŋ	常	456	常	458	FALSE
5	○	如羊切	ʒiɑ̏ŋ	穰	457	穰	459	FALSE
5		友良切	niɑ̏ŋ	娘	457	娘	460	FALSE
5	○	師莊切	ʂwɑŋ	霜	458	霜	461	FALSE
5	○	初莊切	tʂhwɑŋ	瘡	459	瘡	462	FALSE
5	○	側霜切	tʂwɑŋ	莊	460	莊	463	FALSE
5	○	助莊切	ʈʂhwɑ̏ŋ	牀	461	牀	464	FALSE
5	○	仲良切	tʃhiɑ̏ŋ	長	462	長	465	FALSE
5	○	龍張切	liɑ̏ŋ	良	463	良	466	FALSE
5	○	虚良切	hiɑŋ	香	464	香	467	FALSE
5	○	驅羊切	khiɑŋ	羌	465	羌	468	FALSE
5	○	居良切	kiɑŋ	薑	466	薑	469	FALSE
5	○	渠良切	khiɑ̏ŋ	彊	467	彊	470	FALSE
5	○	於良切	ʔiɑŋ	央	468	央	471	FALSE
5	○	于方切	wɑ̏ŋ	王	469	王	472	FALSE
5	○	渠王切	khwɑ̏ŋ	狂	470	狂	473	FALSE
5	○	曲王切	khwɑŋ	匡	471	匡	474	FALSE
5	○	徒郎切	thɑ̏ŋ	唐	472	唐	475	FALSE
5	○	都郎切	tɑŋ	當	473	當	476	FALSE
5	○	他郎切	thɑŋ	湯	474	湯	477	FALSE
5	○	魯堂切	lɑ̏ŋ	郎	475	郎	478	FALSE
5	○	not_a_new_pronunciation	lɑ̏ŋ	鋃	476	鋃	478	FALSE
5	○	同上切	lɑ̏ŋ	瀧	477	瀧	478	FALSE
5	○	奴當切	nɑ̏ŋ	囊	478	囊	479	FALSE
5	○	普郎切	phɑŋ	滂	479	滂	480	FALSE
5	○	蒲光切	phɑ̏ŋ	旁	480	旁	481	FALSE
5	○	謨郎切	mɑ̏ŋ	茫	481	茫	482	FALSE
5	○	not_a_new_pronunciation	mɑ̏ŋ	尨	482	尨	482	FALSE
5	○	蘇郎切	sɑŋ	桑	483	桑	483	FALSE
5	○	千剛切	tshɑŋ	倉	484	倉	484	FALSE
5	○	兹郎切	tsɑŋ	臧	485	臧	485	FALSE
5	○	徂郎切	tshɑ̏ŋ	藏	486	藏	486	FALSE
5	○	丘剛切	khɑŋ	康	487	康	487	FALSE
5	○	居郎切	kɑŋ	岡	488	岡	488	FALSE
5	○	五剛切	ŋɑ̏ŋ	卬	489	卬	489	FALSE
5	○	胡剛切	ɦɑ̏ŋ	杭	490	杭	490	FALSE
5	○	烏光切	ʔwɑŋ	汪	491	汪	491	FALSE
5	○	呼光切	hwɑŋ	荒	492	荒	492	FALSE
5	○	姑黄切	kwɑŋ	光	493	光	493	FALSE
5	○	胡光切	ɦwɑ̏ŋ	黄	494	黃	494	FALSE
5	○	博旁切	pɑŋ	邦	495	邦	495	FALSE
5	○	胡江切	ɦiɑ̏ŋ	降	496	降	496	FALSE
5	○	許江切	hiɑŋ	舡	497	舡	497	FALSE
6	¶十八庚¶¶	古衡切	kəŋ	庚	498	庚	498	FALSE
6	○	丘庚切	khəŋ	阬	499	阬	499	FALSE
6	○	眉庚切	mə̏ŋ	盲	500	盲	500	FALSE
6	○	虚庚切	həŋ	亨	501	亨	501	FALSE
6	○	何庚切	ɦiə̏ŋ	行	502	行	502	FALSE
6	○	胡盲切	ɦwə̏ŋ	橫	503	橫	503	FALSE
6	○	姑横切	kwəŋ	觥	504	觥	504	FALSE
6	○	普庚切	phəŋ	烹	505	烹	505	FALSE
6	○	蒲庚切	phə̏ŋ	彭	506	彭	506	FALSE
6	○	抽庚切	tʂhəŋ	崢	507	崢	507	FALSE
6	○	除庚切	ʈʂhə̏ŋ	棖	508	棖	508	FALSE
6	○	補明切	piŋ	兵	509	兵	509	FALSE
6	○	蒲明切	phȉŋ	平	510	平	510	FALSE
6	○	眉兵切	mȉŋ	明	511	明	511	FALSE
6	○	師庚切	ʂəŋ	生	512	生	512	FALSE
6	○	居卿切	kiŋ	京	513	京	513	FALSE
6	○	堅丁切	kiŋ	經	514	經	513	TRUE
6	○	丘京切	khiŋ	卿	515	卿	514	FALSE
6	○	渠京切	khȉŋ	勍	516	勍	515	FALSE
6	○	於京切	ʔiŋ	英	517	英	516	FALSE
6	○	于平切	jyuə̏ŋ	榮	518	榮	517	FALSE
6	○	士耕切	ʈʂhə̏ŋ	傖	519	傖	518	FALSE
6	○	呼榮切	hyuəŋ	兄	520	兄	519	FALSE
6	○	呼宏切	hwəŋ	鍧	521	鍧	520	FALSE
6	○	甾耕切	tʂəŋ	爭	522	爭	521	FALSE
6	○	奴登切	nə̏ŋ	能	523	能	522	FALSE
6		奴經切	nȉŋ	寧	523	寧	523	FALSE
6	○	𥙷耕切	pəŋ	⿰糹幷	524	絣	524	FALSE
6	○	彼耕切	phəŋ	娉	525	娉	525	FALSE
6	○	七情切	tshiŋ	清	526	清	526	FALSE
6	○	子盈切	tsiŋ	精	527	精	527	FALSE
6	○	徐盈切	szȉŋ	餳	528	餳	528	FALSE
6	○	慈盈切	tshȉŋ	情	529	情	529	FALSE
6	○	思營切	syuəŋ	觪	530	觪	530	FALSE
6	○	書征切	ʃiŋ	聲	531	聲	531	FALSE
6	○	諸成切	tʃiŋ	征	532	征	532	FALSE
6	○	時征切	tʃhȉŋ	成	533	成	533	FALSE
6	○	not_a_new_pronunciation	tʃhȉŋ	澄	534	澄	533	FALSE
6	○	丑成切	tʃhiŋ	檉	535	檉	534	FALSE
6	○	離呈切	lȉŋ	令	536	令	535	FALSE
6	○	餘輕切	jȉŋ	盈	537	盈	536	FALSE
6		奚經切	ɦȉŋ	形	537	形	537	FALSE
6	○	窺營切	khyuəŋ	傾	538	傾	538	FALSE
6	○	渠營切	khyuə̏ŋ	瓊	539	瓊	539	FALSE
6	○	not_a_new_pronunciation	khyuə̏ŋ	嬛	540	嬛	539	FALSE
6	○	先青切	siŋ	星	541	星	540	FALSE
6		當經切	tiŋ	丁	541	丁	541	FALSE
6	○	他經切	thiŋ	聽	542	聽	542	FALSE
6	○	唐丁切	thȉŋ	庭	543	庭	543	FALSE
6		醯經切	hiŋ	馨	543	馨	544	FALSE
6	○	涓熒切	kyuəŋ	扃	544	扃	545	FALSE
6	○	神陵切	ʃʒȉŋ	繩	545	繩	546	FALSE
6	○	如陵切	ʒȉŋ	仍	546	仍	547	FALSE
6	○	魚陵切	jȉŋ	凝	547	凝	548	FALSE
6		虚陵切	hiŋ	興	547	興	549	FALSE
6		都騰切	təŋ	登	547	登	550	FALSE
6	○	徒登切	thə̏ŋ	騰	548	騰	551	FALSE
6		盧登切	lə̏ŋ	棱	548	棱	552	FALSE
6	○	思登切	səŋ	僧	549	僧	553	FALSE
6	○	咨登切	tsəŋ	増	550	增	554	FALSE
6	○	慈陵切	tshȉŋ	繒	551	繒	555	FALSE
6	○	木登切	tshə̏ŋ	層	552	層	556	FALSE
6	○	居登切	ɦə̏ŋ	𢫮	553	𢫮	557	FALSE
6		丘肱切	khwəŋ	鞃	553	鞃	558	FALSE
6	○	烏宏切	ʔwəŋ	泓	554	泓	559	FALSE
6	十九尤¶¶	于求切	jiȍw	尤	555	尤	560	FALSE
6	○	丑鳩切	tʃhiow	抽	556	抽	561	FALSE
6	○	楚蒐切	tʂhow	搊	557	搊	562	FALSE
6	○	虚尤切	hiow	休	558	休	563	FALSE
6	○	驅尤切	khiow	丘	559	丘	564	FALSE
6	○	居尤切	kiow	鳩	560	鳩	565	FALSE
6	○	渠尤切	khiȍw	求	561	求	566	FALSE
6	○	於尤切	ʔiow	憂	562	憂	567	FALSE
6		職流切	tʃiow	周	562	周	568	FALSE
6	○	除留切	tʃhiȍw	儔	563	儔	569	FALSE
6	○	力求切	liȍw	留	564	留	570	FALSE
6	○	思留切	siow	脩	565	脩	571	FALSE
6	○	此由切	tshiow	秋	566	秋	572	FALSE
6	○	即由切	tsiow	啾	567	啾	573	FALSE
6	○	慈秋切	tshiȍw	酋	568	酋	574	FALSE
6	○	尸周切	ʃiow	收	569	收	575	FALSE
6		而由切	ʒiȍw	柔	569	柔	576	FALSE
6	○	疏鳩切	ʂow	搜	570	搜	577	FALSE
6	○	側鳩切	tʂow	鄒	571	鄒	578	FALSE
6	○	房鳩切	fvȍw	浮	572	浮	579	FALSE
6	○	補尤切	piow	彪	573	彪	580	FALSE
6		皮休切	phiȍw	滮	573	滮	581	FALSE
6	○	鋤尤切	ʈʂhȍw	愁	574	愁	582	FALSE
6	○	莫彪切	miȍw	繆	575	繆	583	FALSE
6	○	四尤切	phiow	秠	576	秠	584	FALSE
6	○	胡鉤切	ɦȍw	侯	577	侯	585	FALSE
6	○	鳥侯切	ʔow	謳	578	謳	586	FALSE
6	○	驅侯切	khow	彄	579	彄	587	FALSE
6	○	魚侯切	ŋȍw	腢	580	腢	588	FALSE
6	○	居侯切	kow	鉤	581	鉤	589	FALSE
6	○	蒲侯切	phȍw	裒	582	裒	590	FALSE
6	○	莫侯切	mȍw	謀	583	謀	591	FALSE
6	○	先侯切	sow	漱	584	漱	592	FALSE
6	○	將侯切	tsow	鯫	585	鯫	593	FALSE
6	○	當侯切	tow	兜	586	兜	594	FALSE
6	○	他侯切	thow	偸	587	偸	595	FALSE
6	○	徒侯切	thȍw	頭	588	頭	596	FALSE
6	○	盧侯切	lȍw	樓	589	樓	597	FALSE
6		奴侯切	nȍw	䨲	589	䨲	598	FALSE
6	二十侵¶¶	七林切	tshim	侵	590	侵	599	FALSE
6	○	徐心切	szȉm	尋	591	尋	600	FALSE
6	○	式針切	ʃim	深	592	深	601	FALSE
6	○	諸深切	tʃim	斟	593	斟	602	FALSE
6	○	時壬切	ʃʒȉm	諶	594	諶	603	FALSE
6	○	如深切	ʒȉm	壬	595	壬	604	FALSE
6	○	疏簪切	ʂəm	森	596	森	605	FALSE
6	○	緇深切	tʂəm	簪	597	簪	606	FALSE
6	○	鋤簪切	ʈʂhə̏m	岑	598	岑	607	FALSE
6	○	丑森切	tʃhim	琛	599	琛	608	FALSE
6	○	持林切	tʃhȉm	沈	600	沈	609	FALSE
6	○	犁沉切	lȉm	林	601	林	610	FALSE
6	○	夷斟切	jȉm	淫	602	淫	611	FALSE
6	○	思林切	sim	心	603	心	612	FALSE
6	○	於禽切	ʔim	音	604	音	613	FALSE
6	○	魚音切	jȉm	吟	605	吟	614	FALSE
6	○	虛金切	him	歆	606	歆	615	FALSE
6	○	驅音切	khim	欽	607	欽	616	FALSE
6	○	居吟切	kim	今	608	今	617	FALSE
6	○	渠金切	khȉm	琴	609	琴	618	FALSE
6	○	乃林切	nȉm	南	610	南	619	FALSE
6	二十一覃¶¶	徒含切	thȁm	覃	611	覃	620	FALSE
6	○	他含切	tham	貪	612	貪	621	FALSE
6	○	都含切	tam	耽	613	耽	622	FALSE
6	○	盧含切	lȁm	婪	614	婪	623	FALSE
6	○	那含切	nȁm	南	615	南	624	FALSE
6	○	蘇含切	sam	毿	616	毿	625	FALSE
6	○	倉含切	tsham	參	617	參	626	FALSE
6	○	祖含切	tsam	簪	618	籫	627	FALSE
6	○	徂含切	tshȁm	𧖟	619	蠶	628	FALSE
6	○	苦含切	kham	堪	620	堪	629	FALSE
6	○	胡南切	ɦȁm	含	621	含	630	FALSE
6	○	烏含切	ʔam	諳	622	諳	631	FALSE
6	○	徒監切	thȁm	談	623	談	632	FALSE
6	○	都監切	tam	儋	624	儋	633	FALSE
6	○	盧監切	lȁm	藍	625	藍	634	FALSE
6	○	蘇監切	sam	三	626	三	635	FALSE
6	○	沽三切	kam	甘	627	甘	636	FALSE
6	○	胡甘切	ɦȁm	酣	628	酣	637	FALSE
6	○	胡嵒切	ɦiȁm	咸	629	咸	638	FALSE
6	○	魚咸切	jiȁm	嵒	630	嵒	639	FALSE
6	○	所含切	ʂam	攕	631	攕	640	FALSE
6	○	鉏咸切	ʈʂhȁm	讒	632	讒	641	FALSE
6	○	古銜切	kiam	監	633	監	642	FALSE
6	○	丘銜切	khiam	嵌	634	嵌	643	FALSE
6		師銜切	ʂam	衫	634	衫	644	FALSE
6	○	初銜切	tʂham	欃	635	欃	645	FALSE
6	○	符咸切	fvȁm	凡	636	凡	646	FALSE
6	二十二鹽¶¶	移廉切	jiɛ̏m	鹽	637	鹽	647	FALSE
6	○	思廉切	siɛm	銛	638	銛	648	FALSE
6	○	千廉切	tshiɛm	僉	639	僉	649	FALSE
6	○	將廉切	tsiɛm	尖	640	尖	650	FALSE
6	○	徐廉切	sziɛ̏m	爓	641	爓	651	FALSE
6	○	照鹽切	tshiɛ̏m	濳	642	濳	652	FALSE
6	○	詩廉切	ʃiɛm	苫	643	苫	653	FALSE
6	○	蚩占切	tʃhiɛm	襜	644	襜	654	FALSE
6	○	之廉切	tʃiɛm	詹	645	詹	655	FALSE
6	○	時占切	ʃʒiɛ̏m	蟾	646	蟾	656	FALSE
6	○	而占切	ʒiɛ̏m	髥	647	髥	657	FALSE
6	○	力鹽切	liɛ̏m	廉	648	廉	658	FALSE
6	○	衣炎切	ʔiɛm	淹	649	淹	659	FALSE
6	○	牛廉切	jiɛ̏m	噞	650	噞	660	FALSE
6	○	尼占切	niɛ̏m	黏	651	黏	661	FALSE
6	○	其廉切	khiɛ̏m	箝	652	箝	662	FALSE
6	○	悲廉切	piɛm	砭	653	砭	663	FALSE
6	○	他兼切	thiɛm	添	654	添	664	FALSE
6	○	徒兼切	thiɛ̏m	甜	655	甜	665	FALSE
6	○	苦兼切	khiɛm	謙	656	謙	666	FALSE
6	○	古嫌切	kiɛm	兼	657	兼	667	FALSE
6	○	胡兼切	ɦiɛ̏m	嫌	658	嫌	668	FALSE
6	○	虚嚴切	hiɛm	杴	659	杴	669	FALSE
7	上聲¶¶一董¶¶	多動切	tûŋ	董	660	董	670	FALSE
7	○	他總切	thûŋ	統	661	統	671	FALSE
7	○	徒摠切	dǔŋ'	動	662	動	672	FALSE
7	○	力董切	lûŋ	曨	663	曨	673	FALSE
7	○	邊孔切	pûŋ	琫	664	琫	674	FALSE
7	○	母摠切	mûŋ	蠓	665	蠓	675	FALSE
7	○	作孔切	tsûŋ	總	666	總	676	FALSE
7	○	胡孔切	ɦǔŋ'	澒	667	澒	677	FALSE
7	○	康董切	khûŋ	孔	668	孔	678	FALSE
7	○	丘隴切	khyûŋ	恐	669	恐	679	FALSE
7	○	烏孔切	ʔûŋ	蓊	670	蓊	680	FALSE
7	○	方孔切	fûŋ	捧	671	捧	681	FALSE
7	○	知隴切	tʃyûŋ	腫	672	腫	682	FALSE
7	○	not_a_new_pronunciation	tʃyûŋ	踵	673	踵	682	FALSE
7	○	直隴切	dʒyǔŋ'	重	674	重	683	FALSE
7	○	而隴切	ʒyûŋ	宂	675	宂	684	FALSE
7	○	息勇切	syûŋ	竦	676	竦	685	FALSE
7	○	丑勇切	tʃhyûŋ	寵	677	寵	686	FALSE
7	○	尹竦切	jyûŋ	勇	678	勇	687	FALSE
7	○	許拱切	hyûŋ	兇	679	兇	688	FALSE
7	○	居竦切	kyûŋ	拱	680	拱	689	FALSE
7		乃湩切	nûŋ	癑	680	癑	690	FALSE
7	○	即勇切	tsyûŋ	慫	681	慫	691	FALSE
7	二紙¶¶	諸氏切	tʃiɨ̂	紙	682	紙	692	FALSE
7	○	not_a_new_pronunciation	tʃiɨ̂	咫	683	咫	692	FALSE
7	○	丈几切	dʒǐ'	豸	684	豸	693	FALSE
7	○	昌止切	tʃhiɨ̂	齒	685	齒	694	FALSE
7	○	尺里切	tʃhî	侈	686	侈	695	FALSE
7	○	雌氏切	tshɨ̂	此	687	此	696	FALSE
7	○	祖似切	tsɨ̂	子	688	子	697	FALSE
7	○	詩止切	ʃiɨ̂	始	689	始	698	FALSE
7	○	師止切	ʂiɨ̂	史	690	史	699	FALSE
7	○	上𥿄切	ʂʐiɨ̌'	市	691	市	700	FALSE
7	○	善指切	ʃʒiɨ̌'	視	692	視	701	FALSE
7	○	養里切	jî	以	693	以	702	FALSE
7	○	隱綺切	ʔî	倚	694	倚	703	FALSE
7	○	忍止切	ɻ̂	耳	695	耳	704	FALSE
7	○	𥙷委切	pî	彼	696	彼	705	FALSE
7	○	not_a_new_pronunciation	pî	卑	697	卑	705	FALSE
7	○	普弭切	phî	庀	698	庀	706	FALSE
7	○	部比切	bǐ'	陛	699	陛	707	FALSE
7	○	部靡切	bǐ'	被	700	被	708	FALSE
7	○	巨綺切	gǐ'	技	701	技	709	FALSE
7	○	詳子切	szɨ̌'	似	702	似	710	FALSE
7	○	想姊切	sɨ̂	死	703	死	711	FALSE
7	○	許里切	hî	喜	704	喜	712	FALSE
7	○	式軌切	ʃyûi	水	705	水	713	FALSE
7	○	敷尾切	fî	斐	706	斐	714	FALSE
7	○	無匪切	vî	尾	707	尾	715	FALSE
7	三薺¶¶	在禮切	dzǐ'	薺	708	薺	716	FALSE
7	○	子禮切	tsî	濟	709	濟	717	FALSE
7	○	想里切	sî	徙	710	徙	718	FALSE
7	○	典禮切	tî	邸	711	邸	719	FALSE
7	○	待禮切	dǐ'	弟	712	弟	720	FALSE
7	○	此禮切	tshî	泚	713	泚	721	FALSE
7	○	良以切	lî	里	714	里	722	FALSE
7	○	他禮切	thî	體	715	體	723	FALSE
7	○	乃里切	nî	伱	716	伱	724	FALSE
7	○	戸禮切	ɦǐ'	徯	717	徯	725	FALSE
7	○	居里切	kî	己	718	己	726	FALSE
7	○	墟里切	khî	起	719	起	727	FALSE
7	○	祛禮切	khî	啓	720	啟	728	FALSE
7	○	莫禮切	mî	米	721	米	729	FALSE
7	四語¶¶	偶許切	jŷ	語	722	語	730	FALSE
7		弋渚切	jŷ	與	722	與	731	FALSE
7	○	於語切	ʔŷ	傴	723	傴	731	FALSE
7	○	虚呂切	hŷ	許	724	許	732	FALSE
7	○	居許切	kŷ	舉	725	舉	733	FALSE
7	○	丘舉切	khŷ	去	726	去	734	FALSE
7	○	臼許切	gy̌'	巨	727	巨	735	FALSE
7	○	再吕切	tsŷ	沮	728	沮	736	FALSE
7		承與切	ʃʒy̌'	墅	728	墅	737	FALSE
7	○	賞吕切	ʃŷ	暑	729	暑	738	FALSE
7	○	仁庾切	ʃʒy̌'	豎	730	豎	739	FALSE
7	○	腫庾切	tʃŷ	主	731	主	740	FALSE
7	○	敞呂切	tʃhŷ	杵	732	杵	741	FALSE
7	○	直呂切	dʒy̌'	柱	733	柱	742	FALSE
7	○	兩與切	lŷ	呂	734	呂	743	FALSE
7	○	忍與切	ʒŷ	汝	735	汝	744	FALSE
7	○	此主切	tshŷ	取	736	取	745	FALSE
7	○	慈庾切	dzy̌'	聚	737	聚	746	FALSE
7	○	尼呂切	nŷ	女	738	女	747	FALSE
7	○	象呂切	szy̌'	敘	739	敘	748	FALSE
7	○	私呂切	sŷ	胥	740	胥	749	FALSE
8	¶五姥¶¶	莫補切	mû	姥	741	姥	750	FALSE
8	○	滂五切	phû	普	742	普	751	FALSE
8	○	博古切	pû	補	743	補	752	FALSE
8		裴古切	bǔ'	簿	743	簿	753	FALSE
8	○	摠五切	tsû	祖	744	祖	754	FALSE
8	○	坐五切	tshû	粗	745	粗	755	FALSE
8	○	董五切	tû	覩	746	覩	756	FALSE
8	○	他魯切	thû	土	747	土	757	FALSE
8	○	徒古切	dǔ'	杜	748	杜	758	FALSE
8	○	郎古切	lû	魯	749	魯	759	FALSE
8	○	奴古切	nû	弩	750	弩	760	FALSE
8	○	火五切	hû	虎	751	虎	761	FALSE
8	○	孔五切	khû	苦	752	苦	762	FALSE
8	○	公土切	kû	古	753	古	763	FALSE
8	○	侯古切	ɦǔ'	戸	754	戸	764	FALSE
8	○	安古切	ʔû	塢	755	塢	765	FALSE
8	○	阮古切	ŋû	五	756	五	766	FALSE
8	○	疎五切	ʂû	所	757	所	767	FALSE
8	○	壯所切	tʂû	阻	758	阻	768	FALSE
8	○	創祖切	tʂhû	楚	759	楚	769	FALSE
8	○	斐古切	fû	撫	760	撫	770	FALSE
8	○	扶古切	fvǔ'	輔	761	輔	771	FALSE
8	○	罔古切	vû	武	762	武	772	FALSE
8	○	所武切	ʂû	數	763	數	773	FALSE
8	六解¶¶	佳買切	kiâi	解	764	解	774	FALSE
8	○	胡買切	ɦiǎi'	蟹	765	蟹	775	FALSE
8	○	補買切	pâi	罷	766	罷	776	FALSE
8	○	所蟹切	ʂâi	灑	767	灑	777	FALSE
8	○	鉏買切	ɖʐǎi'	廌	768	廌	778	FALSE
8	○	初買切	tʂhâi	跐	769	跐	779	FALSE
8	○	莫蟹切	mâi	買	770	買	780	FALSE
8	○	胡買切	ɦwǎi'	夥	771	夥	781	FALSE
8	○	古買切	kwâi	柺	772	柺	782	FALSE
8	○	下楷切	ɦiǎi'	駭	773	駭	783	FALSE
8	○	口駭切	khiâi	鍇	774	鍇	784	FALSE
8	○	語駭切	jiâi	騃	775	騃	785	FALSE
8	○	鴉蟹切	ʔâi	矮	776	矮	786	FALSE
8	○	呼改切	hâi	海	777	海	787	FALSE
8	○	可亥切	khâi	愷	778	愷	788	FALSE
8	○	居亥切	kâi	改	779	改	789	FALSE
8	○	胡改切	ɦǎi'	亥	780	亥	790	FALSE
8	○	依亥切	ʔâi	靉	781	靉	791	FALSE
8	○	此宰切	tshâi	采	782	采	792	FALSE
8	○	子亥切	tsâi	宰	783	宰	793	FALSE
8	○	盡亥切	dzǎi'	在	784	在	794	FALSE
8	○	昌亥切	tshâi	茝	785	茝	795	FALSE
8	○	蕩亥切	dǎi'	待	786	待	796	FALSE
8	○	曩亥切	nâi	乃	787	乃	797	FALSE
8	七賄¶¶	乎罪切	ɦǔi'	賄	788	賄	798	FALSE
8	○	烏賄切	ʔûi	猥	789	猥	799	FALSE
8	○	五罪切	ŋûi	隗	790	隗	800	FALSE
8	○	部浼切	bǔi'	琲	791	琲	801	FALSE
8	○	莫賄切	mûi	美	792	美	802	FALSE
8	○	取猥切	tshûi	漼	793	漼	803	FALSE
8	○	徂賄切	dzǔi'	辠	794	辠	804	FALSE
8	○	杜罪切	dǔi'	鐓	795	鐓	805	FALSE
8	○	魯猥切	lûi	壘	796	壘	806	FALSE
8	○	苦猥切	khûi	魁	797	魁	807	FALSE
8	○	努罪切	nûi	餧	798	餧	808	FALSE
8	○	楚委切	tʂhûi	揣	799	揣	809	FALSE
8	○	主蘂切	tʃûi	捶	800	捶	810	FALSE
8	○	如累切	ʒûi	繠	801	繠	811	FALSE
8	○	息委切	sûi	髓	802	髓	812	FALSE
8	○	部癸切	bǔi'	岯	803	岯	813	FALSE
8	○	即委切	tsûi	觜	804	觜	814	FALSE
8	○	千水切	tshûi	趡	805	趡	815	FALSE
8	○	犬蘂切	khûi	跬	806	跬	816	FALSE
8	○	式軌切	ʃûi	水	807	水	817	FALSE
8	○	虎委切	hûi	毁	808	毀	818	FALSE
8	○	古委切	kûi	詭	809	詭	819	FALSE
8	○	渠委切	gûi	跪	810	跪	819	TRUE
8	八軫¶¶	止忍切	tʃîn	軫	811	軫	820	FALSE
8	○	時軫切	ʃʒǐn'	蜃	812	蜃	821	FALSE
8	○	爾軫切	ʒîn	忍	813	忍	822	FALSE
8	○	矢忍切	ʃîn	哂	814	哂	823	FALSE
8	○	婢忍切	bǐn'	牝	815	牝	824	FALSE
8	○	慈忍切	dzǐn'	盡	816	盡	825	FALSE
8	○	以忍切	jîn	引	817	引	826	FALSE
8	○	良忍切	lîn	嶙	818	嶙	827	FALSE
8	○	即忍切	tsîn	盡	819	盡	828	FALSE
8	○	丑忍切	tʃhîn	辴	820	囅	829	FALSE
8	○	直忍切	dʒǐn'	紖	821	紖	830	FALSE
8	○	弭盡切	mîn	泯	822	泯	831	FALSE
8	○	居忍切	kîn	緊	823	緊	832	FALSE
8	○	巨隕切	gyǔn'	窘	824	窘	833	FALSE
8		苦隕切	khyûn	稛	824	稛	834	FALSE
8	○	之允切	tʃyûn	準	825	準	835	FALSE
8	○	尺允切	tʃhyûn	蠢	826	蠢	836	FALSE
8	○	乳允切	ʒyûn	盾	827	盾	837	FALSE
8	○	聳允切	syûn	筍	828	筍	838	FALSE
8	○	羽敏切	jyûn	隕	829	隕	839	FALSE
8	○	武粉切	vûn	吻	830	吻	840	FALSE
8	○	房吻切	fvǔn'	憤	831	憤	841	FALSE
8	○	not_a_new_pronunciation	fvǔn'	扮	832	扮	841	FALSE
8	○	府吻切	fûn	粉	833	粉	842	FALSE
8		委粉切	ʔyûn	蘊	833	蘊	843	FALSE
8	○	舉藴切	kyûn	攟	834	攟	844	FALSE
8	○	於謹切	ʔîn	隱	835	隱	845	FALSE
8	○	許謹切	hîn	䘆	836	䘆	846	FALSE
8	○	初謹切	tʂhə̂n	齔	837	齔	847	FALSE
8	○	巨謹切	gǐn'	近	838	近	848	FALSE
8	○	語謹切	jîn	听	839	听	849	FALSE
8	○	湖本切	ɦǔn'	混	840	混	850	FALSE
8	○	苦本切	khûn	梱	841	梱	851	FALSE
8	○	古本切	kûn	袞	842	袞	852	FALSE
8	○	烏本切	ʔûn	穩	843	穩	853	FALSE
8	○	布袞切	pûn	本	844	本	854	FALSE
8	○	部本切	bûn	𣄏	845	𣄏	854	TRUE
8	○	母本切	mûn	懣	846	懣	855	FALSE
8	○	蘇本切	sûn	損	847	損	856	FALSE
8	○	趨本切	tshûn	忖	848	忖	857	FALSE
8	○	祖本切	tsûn	撙	849	撙	858	FALSE
8	○	徂本切	dzǔn'	鱒	850	鱒	859	FALSE
8	○	徒本切	dǔn'	盾	851	盾	860	FALSE
8	○	下懇切	ɦə̌n'	很	852	很	861	FALSE
8	○	口很切	khə̂n	懇	853	懇	862	FALSE
8	○	魚懇切	ŋə̂n	眼	854	眼	863	FALSE
8	○	必敏切	pîn	稟	855	稟	864	FALSE
8	○	丕敏切	phîn	品	856	品	865	FALSE
8	九旱¶¶	侯罕切	ɦɔ̌n'	旱	857	旱	866	FALSE
8	○	許旱切	hɔ̂n	罕	858	罕	867	FALSE
8	○	空旱切	khɔ̂n	侃	859	侃	868	FALSE
8	○	古旱切	kɔ̂n	稈	860	稈	869	FALSE
8		胡管切	ɦwɔ̌n'	緩	860	緩	870	FALSE
8	○	烏管切	ʔwɔ̂n	盌	861	盌	871	FALSE
8	○	苦管切	khwɔ̂n	款	862	款	872	FALSE
8	○	古緩切	kwɔ̂n	管	863	管	873	FALSE
8	○	莫旱切	mwɔ̂n	滿	864	滿	874	FALSE
8	○	蒲滿切	bwɔ̌n'	伴	865	伴	875	FALSE
8	○	損管切	swɔ̂n	算	866	算	876	FALSE
8	○	作管切	tswɔ̂n	纂	867	纂	877	FALSE
8	○	都管切	twɔ̂n	短	868	短	878	FALSE
8	○	土緩切	thwɔ̂n	疃	869	疃	879	FALSE
8	○	徒管切	dwɔ̌n'	斷	870	斷	880	FALSE
8	○	魯管切	lwɔ̂n	卵	871	卵	881	FALSE
8	○	乃管切	nwɔ̂n	煖	872	煖	882	FALSE
8	十產¶¶	楚簡切	tʂhân	產	873	產	883	FALSE
8	○	數版切	ʂwân	潸	874	潸	884	FALSE
8	○	雛產切	ɖʐǎn'	撰	875	撰	885	FALSE
8	○	not_a_new_pronunciation	ɖʐǎn'	籑	876	籑	885	FALSE
8	○	乃版切	nân	赧	877	赧	886	FALSE
8	○	下簡切	ɦiǎn'	限	878	限	887	FALSE
8	○	烏版切	ʔiân	綰	879	綰	888	FALSE
8	○	補綰切	pân	版	880	版	889	FALSE
8	○	甫版切	fân	返	881	返	890	FALSE
8	○	武綰切	vân	晚	882	晚	891	FALSE
8	○	阻限切	tsân	醆	883	醆	892	FALSE
8	○	徂限切	dzǎn'	棧	884	棧	893	FALSE
8	○	古限切	kiân	簡	885	簡	894	FALSE
8	○	五限切	jiân	眼	886	眼	895	FALSE
8	○	在簡切	dzǎn'	瓚	887	瓚	896	FALSE
8		清産切	tsân	儧	887	儹	897	FALSE
8		多簡切	tân	亶	887	亶	898	FALSE
8	○	徃但切	thân	坦	888	坦	ytenx_digitalization_error	FALSE
8	○	徒亶切	dǎn'	但	889	但	899	FALSE
8	○	魯簡切	lân	嬾	890	嬾	900	FALSE
8	○	薛簡切	sân	散	891	散	901	FALSE
8	○	所簡切	ʂân	汕	892	汕	902	FALSE
8	○	母板切	mân	矕	893	矕	903	FALSE
8		普板切	phân	眅	893	眅	904	FALSE
8	十一銑¶¶	蘇典切	siɛ̂n	銑	894	銑	905	FALSE
8	○	𥙷典切	piɛ̂n	扁	895	扁	906	FALSE
8	○	婢免切	biɛ̌n'	辮	896	辮	907	FALSE
8	○	美辯切	miɛ̂n	免	897	免	908	FALSE
8	○	多殄切	tiɛ̂n	典	898	典	909	FALSE
8	○	他典切	thiɛ̂n	腆	899	腆	910	FALSE
8	○	徒典切	diɛ̌n'	殄	900	殄	911	FALSE
8	○	乃殄切	niɛ̂n	撚	901	撚	912	FALSE
8	○	呼典切	hiɛ̂n	顯	902	顯	913	FALSE
8	○	吉典切	kiɛ̂n	繭	903	繭	914	FALSE
8	○	胡典切	ɦiɛ̌n'	峴	904	峴	915	FALSE
8	○	苦泫切	khyuɛ̂n	犬	905	犬	916	FALSE
8	○	古泫切	kyuɛ̂n	畎	906	畎	917	FALSE
8	○	胡犬切	ɦyuɛ̌n'	泫	907	泫	918	FALSE
8	○	七演切	tshiɛ̂n	淺	908	淺	919	FALSE
8	○	子踐切	tsiɛ̂n	翦	909	翦	920	FALSE
8	○	慈演切	dziɛ̌n'	踐	910	踐	921	FALSE
8	○	須兗切	syuɛ̂n	選	911	選	922	FALSE
8	○	徂兗切	dzyuɛ̌n'	雋	912	雋	923	FALSE
8	○	齒善切	tʃhiɛ̂n	闡	913	闡	924	FALSE
8	○	上演切	ʃʒiɛ̌n'	善	914	善	925	FALSE
8	○	尺兗切	tʃhyuɛ̂n	舛	915	舛	926	FALSE
8	○	止兗切	tʃyuɛ̂n	剸	916	剸	927	FALSE
8	○	乳兗切	ʒyuɛ̂n	輭	917	輭	928	FALSE
8	○	雛免切	ɖʐwǎn'	撰	918	撰	929	FALSE
8	○	之輦切	tʃiɛ̂n	展	919	展	930	FALSE
8	○	力展切	liɛ̂n	輦	920	輦	931	FALSE
8	○	以淺切	jiɛ̂n	衍	921	衍	932	FALSE
8	○	尼展切	niɛ̂n	輾	922	輾	933	FALSE
8	○	語蹇切	jiɛ̂n	巘	923	巘	934	FALSE
8	○	柱兗切	dʒyuɛ̌n'	篆	924	篆	935	FALSE
8	○	盧轉切	lyuɛ̂n	臠	925	臠	936	FALSE
8	○	驅演切	khiɛ̂n	遣	926	遣	937	FALSE
8	○	九輦切	kiɛ̂n	蹇	927	蹇	938	FALSE
8	○	巨展切	giɛ̌n'	鍵	928	鍵	939	FALSE
8	○	巨卷切	gyuɛ̌n'	圈	929	圈	940	FALSE
8	○	古轉切	kyuɛ̂n	卷	930	卷	941	FALSE
8	○	五逺切	jyuɛ̂n	阮	931	阮	942	FALSE
8	○	於阮切	ʔyuɛ̂n	宛	932	宛	943	FALSE
8	○	not_a_new_pronunciation	ʔyuɛ̂n	惌	933	惌	943	FALSE
8	○	况逺切	hyuɛ̂n	𣉖	934	𣉖	944	FALSE
8	○	於懽切	ʔiɛ̂n	偃	935	偃	945	FALSE
9	十二篠¶¶	先了切	siɛ̂w	篠	936	篠	946	FALSE
9	○	子了切	tsiɛ̂w	湫	937	湫	947	FALSE
9	○	尼了切	niɛ̂w	鳥	938	鳥	948	FALSE
9	○	土了切	thiɛ̂w	挑	939	挑	949	FALSE
9	○	盧皎切	liɛ̂w	了	940	了	950	FALSE
9	○	徒了切	diɛ̌w'	窕	941	窕	951	FALSE
9	○	伊鳥切	ʔiɛ̂w	杳	942	杳	952	FALSE
9	○	吉了切	kiɛ̂w	皎	943	皎	953	FALSE
9	○	止少切	tʃiɛ̂w	沼	944	沼	954	FALSE
9	○	其紹切	giɛ̌w'	糾	945	糾	955	FALSE
9	○	市召切	ʃʒiɛ̌w'	紹	946	紹	956	FALSE
9	○	爾紹切	ʒiɛ̂w	擾	947	擾	957	FALSE
9	○	直巧切	dʒiɛ̌w'	趙	948	趙	958	FALSE
9	○	七小切	tshiɛ̂w	悄	949	悄	959	FALSE
9	○	治紹切	ʃiɛ̂w	少	950	少	960	FALSE
9	○	馨杳切	hiɛ̂w	曉	951	曉	961	FALSE
9	○	彼小切	piɛ̂w	表	952	表	962	FALSE
9		普沼切	phiɛ̂w	縹	952	縹	963	FALSE
9		婢小切	biɛ̌w'	摽	952	摽	964	FALSE
9	○	弭沼切	miɛ̂w	眇	953	眇	965	FALSE
9	十三巧¶¶	苦絞切	khiâw	巧	954	巧	966	FALSE
9	○	古巧切	kiâw	佼	955	佼	967	FALSE
9	○	博巧切	pâw	飽	956	飽	968	FALSE
9	○	部巧切	bǎw'	鮑	957	鮑	969	FALSE
9	○	莫鮑切	mâw	卯	958	卯	970	FALSE
9	○	山巧切	ʂâw	稍	959	稍	971	FALSE
9	○	楚絞切	tʂhâw	煼	960	煼	972	FALSE
9	○	側絞切	tʂâw	爪	961	爪	973	FALSE
9	○	女巧切	nâw	橈	962	橈	974	FALSE
9	○	not_a_new_pronunciation	nâw	撓	963	撓	974	FALSE
9	○	於巧切	ʔiâw	拗	964	拗	975	FALSE
9	○	五巧切	jiâw	齩	965	齩	976	FALSE
9	○	胡飽切	ɦiǎw'	骹	966	骹	977	FALSE
9	○	胡老切	ɦǎw'	晧	967	晧	978	FALSE
9	○	許晧切	hâw	好	968	好	979	FALSE
9	○	苦浩切	khâw	考	969	考	980	FALSE
9	○	古老切	kâw	杲	970	杲	981	FALSE
9	○	烏皓切	ʔâw	媼	971	媼	982	FALSE
9	○	博浩切	pâw	寶	972	寶	983	FALSE
9	○	not_a_new_pronunciation	pâw	䎂	973	䎂	983	FALSE
9	○	蒲皓切	bǎw'	抱	974	抱	984	FALSE
9	○	蘇老切	sâw	掃	975	掃	985	FALSE
9	○	采早切	tshâw	草	976	草	986	FALSE
9	○	子皓切	tsâw	早	977	早	987	FALSE
9	○	not_a_new_pronunciation	tsâw	棗	978	棗	987	FALSE
9	○	在早切	dzǎw'	皁	979	皁	988	FALSE
9	○	都皓切	tâw	倒	980	倒	989	FALSE
9	○	土皓切	thâw	討	981	討	990	FALSE
9	○	杜皓切	dǎw'	道	982	道	991	FALSE
9	○	魯皓切	lâw	老	983	老	992	FALSE
9	○	乃老切	nâw	腦	984	腦	993	FALSE
9	十四哿¶¶	嘉我切	kɔ̂	哿	985	哿	994	FALSE
9	○	口我切	khɔ̂	可	986	可	995	FALSE
9	○	烏可切	ʔɔ̂	妸	987	妸	996	FALSE
9	○	五可切	ŋɔ̂	我	988	我	997	FALSE
9	○	下可切	ɦɔ̌'	荷	989	荷	998	FALSE
9	○	臧可切	tsɔ̂	左	990	左	999	FALSE
9	○	丁可切	tɔ̂	癉	991	癉	1000	FALSE
9	○	待可切	dɔ̌'	拕	992	拕	1001	FALSE
9	○	not_a_new_pronunciation	dɔ̌'	𣵺	993	𣵺	1001	FALSE
9	○	奴可切	nɔ̂	娜	994	娜	1002	FALSE
9	○	忙果切	mwɔ̂	麼	995	麼	1003	FALSE
9	○	素可切	sɔ̂	娑	996	娑	1004	FALSE
9	○	千可切	tshɔ̂	瑳	997	瑳	1005	FALSE
9	○	古火切	kwɔ̂	果	998	果	1006	FALSE
9	○	苦果切	khwɔ̂	顆	999	顆	1007	FALSE
9	○	虎果切	hwɔ̂	火	1000	火	1008	FALSE
9	○	胡果切	ɦwɔ̌'	禍	1001	禍	1009	FALSE
9	○	烏果切	ʔwɔ̂	婐	1002	婐	1010	FALSE
9	○	補火切	pwɔ̂	跛	1003	跛	1011	FALSE
9	○	普火切	phwɔ̂	頗	1004	頗	1012	FALSE
9	○	not_a_new_pronunciation	phwɔ̂	叵	1005	叵	1012	FALSE
9	○	蘇果切	swɔ̂	鎖	1006	鎖	1013	FALSE
9	○	徂果切	dzwɔ̌'	坐	1007	坐	1014	FALSE
9	○	都火切	twɔ̂	朶	1008	朶	1015	FALSE
9	○	not_a_new_pronunciation	twɔ̂	捶	1009	捶	1015	FALSE
9	○	吐火切	thwɔ̂	妥	1010	妥	1016	FALSE
9	○	魯果切	lwɔ̂	裸	1011	裸	1017	FALSE
9	○	五果切	ŋwɔ̂	㛂	1012	㛂	1018	FALSE
9	十五馬¶¶	莫下切	mâ	馬	1013	馬	1019	FALSE
9	○	補下切	pâ	把	1014	把	1020	FALSE
9	○	側下切	tʂâ	鮓	1015	鮓	1021	FALSE
9	○	茶下切	ɖʐǎ'	槎	1016	槎	1022	FALSE
9	○	沙下切	ʂâ	灑	1017	灑	1023	FALSE
9	○	亥雅切	ɦiǎ'	下	1018	下	1024	FALSE
9	○	舉下切	kiâ	賈	1019	賈	1025	FALSE
9	○	齒下切	tʂhâ	姹	1020	姹	1026	FALSE
9	○	許下切	hiâ	閜	1021	閜	1027	FALSE
9	○	倚下切	ʔiâ	啞	1022	啞	1028	FALSE
9	○	語下切	jiâ	雅	1023	雅	1028	TRUE
9	○	户瓦切	ɦwǎ'	踝	1024	踝	1029	FALSE
9	○	苦瓦切	khwâ	跨	1025	跨	1030	FALSE
9	○	古瓦切	kwâ	寡	1026	寡	1031	FALSE
9		五寡切	ŋwâ	瓦	1026	瓦	1032	FALSE
9	○	都瓦切	tâ	打	1027	打	1033	FALSE
9	○	數瓦切	ʂwâ	葰	1028	葰	1034	FALSE
9	十六者¶¶	止野切	tʃiɛ̂	者	1029	者	1035	FALSE
9	○	常者切	ʃʒiɛ̌'	社	1030	社	1036	FALSE
9	○	先野切	siɛ̂	寫	1031	寫	1037	FALSE
9	○	七野切	tshiɛ̂	且	1032	且	1038	FALSE
9	○	始野切	ʃiɛ̂	捨	1033	捨	1039	FALSE
9	○	才野切	dziɛ̌'	苴	1034	苴	1040	FALSE
9	○	昌者切	tʃhiɛ̂	奲	1035	奲	1041	FALSE
9	○	以者切	jiɛ̂	野	1036	野	1042	FALSE
9	○	爾者切	ʒiɛ̂	惹	1037	惹	1043	FALSE
9	○	子野切	tsiɛ̂	姐	1038	姐	1044	FALSE
9	十七養¶¶¶	以兩切	jiɑ̂ŋ	養	1039	養	1045	FALSE
9	○	倚兩切	ʔiɑ̂ŋ	鞅	1040	鞅	1046	FALSE
9	○	似兩切	sziɑ̌ŋ'	象	1041	象	1047	FALSE
9	○	子兩切	tsiɑ̂ŋ	獎	1042	獎	1048	FALSE
9	○	良奬切	liɑ̂ŋ	兩	1043	兩	1049	FALSE
9	○	巨兩切	giɑ̌ŋ'	彊	1044	彊	1050	FALSE
9	○	魚兩切	jiɑ̂ŋ	仰	1045	仰	1051	FALSE
9		息兩切	siɑ̂ŋ	想	1045	想	1052	FALSE
9	○	楚兩切	tʂhwɑ̂ŋ	㼽	1046	㼽	1053	FALSE
9	○	昌兩切	tʃhiɑ̂ŋ	敞	1047	敞	1054	FALSE
9	○	止兩切	tʃiɑ̂ŋ	掌	1048	掌	1055	FALSE
9	○	展兩切	tʃiɑ̂ŋ	長	1049	長	1055	TRUE
9	○	所兩切	ʂwɑ̂ŋ	爽	1050	爽	1056	FALSE
9	○	許兩切	hiɑ̂ŋ	響	1051	響	1057	FALSE
9	○	居仰切	kiɑ̂ŋ	襁	1052	襁	1058	FALSE
9	○	呈兩切	dʒiɑ̌ŋ'	丈	1053	丈	1059	FALSE
9	○	汝兩切	ʒiɑ̂ŋ	壤	1054	壤	1060	FALSE
9	○	始兩切	ʃiɑ̂ŋ	賞	1055	賞	1061	FALSE
9	○	是賞切	ʃʒiɑ̌ŋ'	上	1056	上	1062	FALSE
9	○	妃兩切	fɑ̂ŋ	髣	1057	髣	1063	FALSE
9	○	文紡切	vɑ̂ŋ	罔	1058	罔	1064	FALSE
9	○	嫗往切	ʔwɑ̂ŋ	枉	1059	枉	1065	FALSE
9	○	羽枉切	wɑ̂ŋ	往	1060	往	1066	FALSE
9	○	詡往切	hwɑ̂ŋ	怳	1061	怳	1067	FALSE
9	○	七兩切	tshiɑ̂ŋ	搶	1062	搶	1068	FALSE
9	○	具往切	gwɑ̌ŋ'	迋	1063	迋	1069	FALSE
9	○	徒黨切	dɑ̌ŋ'	蕩	1064	蕩	1070	FALSE
9		多曩切	tɑ̂ŋ	黨	1064	黨	1071	FALSE
9	○	他曩切	thɑ̂ŋ	儻	1065	儻	1072	FALSE
9	○	乃黨切	nɑ̂ŋ	曩	1066	曩	1073	FALSE
9	○	補曩切	pɑ̂ŋ	榜	1067	榜	1074	FALSE
9	○	母黨切	mɑ̂ŋ	莽	1068	莽	1075	FALSE
9	○	寫曩切	sɑ̂ŋ	顙	1069	顙	1076	FALSE
9	○	采莽切	tshɑ̂ŋ	蒼	1070	蒼	1077	FALSE
9	○	子黨切	tsɑ̂ŋ	駔	1071	駔	1078	FALSE
9	○	在黨切	dzɑ̌ŋ'	奘	1072	奘	1079	FALSE
9	○	下黨切	ɦɑ̌ŋ'	沆	1073	沆	1080	FALSE
9	○	口黨切	khɑ̂ŋ	忼	1074	忼	1081	FALSE
9	○	於黨切	ʔɑ̂ŋ	坱	1075	坱	1082	FALSE
9	○	舉盎切	kɑ̂ŋ	㽘	1076	㽘	1083	FALSE
9	○	語㽘切	ŋɑ̂ŋ	䭹	1077	䭹	1084	FALSE
9		戸廣切	ɦwɑ̌ŋ'	晃	1077	晃	1085	FALSE
9	○	苦廣切	khwɑ̂ŋ	懬	1078	懬	1086	FALSE
9	○	古滉切	kwɑ̂ŋ	廣	1079	廣	1087	FALSE
9	○	古項切	kiɑ̂ŋ	講	1080	講	1088	FALSE
9	○	步項切	bɑ̌ŋ'	棒	1081	棒	1089	FALSE
9	○	户講切	ɦiɑ̌ŋ'	項	1082	項	1090	FALSE
9	○	里黨切	lɑ̂ŋ	朗	1083	朗	1091	FALSE
9	十　八　梗¶	古杏切	kə̂ŋ	梗	1084	梗	1092	FALSE
9	○	何梗切	ɦiə̌ŋ'	杏	1085	杏	1093	FALSE
9	○	胡猛切	ɦwə̌ŋ'	卝	1086	卝	1094	FALSE
9	○	古猛切	kwə̂ŋ	礦	1087	礦	1095	FALSE
9	○	母梗切	mə̂ŋ	猛	1088	猛	1096	FALSE
9		蒲猛切	bə̌ŋ'	蠯	1088	蠯	1097	FALSE
9	○	魯杏切	lə̂ŋ	冷	1089	冷	1098	FALSE
9	○	杖梗切	ɖʐə̌ŋ'	瑒	1090	瑒	1099	FALSE
9	○	補永切	pîŋ	丙	1091	丙	1100	FALSE
9	○	部迥切	bǐŋ'	竝	1092	竝	1101	FALSE
9	○	丘潁切	khyuə̂ŋ	頃	1093	頃	1102	FALSE
9	○	户頂切	ɦyuə̌ŋ'	迥	1094	迥	1103	FALSE
9	○	火迥切	hyuə̂ŋ	詗	1095	詗	1104	FALSE
9	○	烏逈切	ʔyuə̂ŋ	濙	1096	濙	1105	FALSE
9	○	下頂切	ɦǐŋ'	悻	1097	悻	1106	FALSE
9	○	not_a_new_pronunciation	ɦǐŋ'	涬	1098	涬	1106	FALSE
9	○	棄挺切	khîŋ	謦	1099	謦	1107	FALSE
9	○	眉永切	mîŋ	皿	1100	皿	1108	FALSE
9	○	所景切	ʂə̂ŋ	省	1101	省	1109	FALSE
9	○	於丙切	ʔîŋ	影	1102	影	1110	FALSE
9	○	庾頃切	jyuə̂ŋ	穎	1103	穎	1111	FALSE
9	○	居影切	kîŋ	景	1104	景	1112	FALSE
9	○	于憬切	ʔyuə̂ŋ	永	1105	永	1113	FALSE
9	○	居永切	kyuə̂ŋ	憬	1106	憬	1114	FALSE
9	○	古幸切	kə̂ŋ	耿	1107	耿	1115	FALSE
9	○	下取切	ɦə̌ŋ'	幸	1108	幸	1116	FALSE
9	○	母耿切	mə̂ŋ	黽	1109	黽	1117	FALSE
9	○	疾郢切	dzǐŋ'	靜	1110	靜	1118	FALSE
9	○	息井切	sîŋ	省	1111	省	1119	FALSE
9	○	子郢切	tsîŋ	□	1112	井	1121	FALSE
9	○	丑郢切	tʃhîŋ	逞	1113	逞	1122	FALSE
9	○	里郢切	lîŋ	領	1114	領	1123	FALSE
9	○	都領切	tîŋ	頂	1115	頂	1124	FALSE
9	○	苦等切	khə̂ŋ	肯	1116	肯	1125	FALSE
9	○	莫迥切	mîŋ	茗	1117	茗	1126	FALSE
9	○	徒鼎切	dǐŋ'	挺	1118	挺	1127	FALSE
9	○	乃挺切	nîŋ	濘	1119	濘	1128	FALSE
9	○	之庱切	tʃîŋ	拯	1120	拯	1129	FALSE
9	○	not_a_new_pronunciation	tʃîŋ	𢮋	1121	𢮋	1129	FALSE
9	○	色拯切	ʂə̂ŋ	㱡	1122	㱡	1130	FALSE
9	○	多肯切	tə̂ŋ	等	1123	等	1131	FALSE
9	十　九　有¶	云九切	jiôw	有	1124	有	1132	FALSE
9	○	息有切	siôw	滫	1125	滫	1133	FALSE
9	○	子酉切	tsiôw	酒	1126	酒	1134	FALSE
9	○	始九切	ʃiôw	首	1127	首	1135	FALSE
9	○	止酉切	tʃiôw	帚	1128	帚	1136	FALSE
9	○	齒九切	tʃhiôw	醜	1129	醜	1137	FALSE
9	○	是酉切	ʃʒiǒw'	受	1130	受	1138	FALSE
9	○	忍九切	ʒiôw	蹂	1131	蹂	1139	FALSE
9	○	丈九切	dʒiǒw'	紂	1132	紂	1140	FALSE
9	○	力九切	liôw	柳	1133	柳	1141	FALSE
9	○	女九切	niôw	紐	1134	紐	1142	FALSE
9	○	於糾切	ʔiôw	黝	1135	黝	1143	FALSE
9	○	許久切	hiôw	朽	1136	朽	1144	FALSE
9	○	去九切	khiôw	糗	1137	糗	1145	FALSE
9	○	舉有切	kiôw	九	1138	九	1146	FALSE
9	○	巨九切	giǒw'	臼	1139	臼	1147	FALSE
9	○	他口切	thôw	黈	1140	黈	1148	FALSE
9	○	徒口切	dǒw'	鋀	1141	鋀	1149	FALSE
9	○	郎斗切	lôw	塿	1142	塿	1150	FALSE
9	○	乃后切	nôw	㝅	1143	㝅	1151	FALSE
9	○	俯九切	fôw	缶	1144	缶	1152	FALSE
9		房缶切	fvǒw'	阜	1144	阜	1153	FALSE
9	○	所九切	ʂôw	溲	1145	溲	1154	FALSE
9	○	側九切	tʂôw	掫	1146	掫	1155	FALSE
9	○	胡口切	ɦǒw'	厚	1147	厚	1156	FALSE
9	○	許厚切	hôw	吼	1148	吼	1157	FALSE
9	○	苦厚切	khôw	口	1149	口	1158	FALSE
9	○	舉后切	kôw	耇	1150	耇	1159	FALSE
9	○	於口切	ʔôw	歐	1151	歐	1160	FALSE
9	○	語口切	ŋôw	偶	1152	偶	1161	FALSE
9	○	普厚切	phôw	剖	1153	剖	1162	FALSE
9	○	莫厚切	môw	母	1154	母	1163	FALSE
9	○	蘇后切	sôw	叟	1155	叟	1164	FALSE
9	○	此茍切	tshôw	趣	1156	趣	1165	FALSE
9	○	子口切	tsôw	走	1157	走	1166	FALSE
9	○	當口切	tôw	斗	1158	斗	1167	FALSE
9	二十寢¶¶	七稔切	tshîm	寢	1159	寢	1168	FALSE
9	○	子衽切	tsîm	䆮	1160	𥧲	1169	FALSE
9	○	式荏切	ʃîm	審	1161	審	1170	FALSE
9	○	昌枕切	tʃhîm	瀋	1162	瀋	1171	FALSE
9	○	章荏切	tʃîm	枕	1163	枕	1172	FALSE
9	○	食枕切	ʃʒǐm'	甚	1164	甚	1173	FALSE
9	○	忍甚切	ʒîm	餁	1165	餁	1174	FALSE
9	○	not_a_new_pronunciation	ʒîm	稔	1166	稔	1174	FALSE
9	○	所錦切	ʂîm	㾕	1167	㾕	1175	FALSE
9	○	楚錦切	tʂhə̂m	墋	1168	墋	1176	FALSE
9	○	桑錦切	sîm	糝	1169	糝	1177	FALSE
9	○	魚錦切	jîm	吟	1170	吟	1178	FALSE
9	○	丑錦切	tʃhîm	踸	1171	踸	1179	FALSE
9	○	呈稔切	dʒǐm'	朕	1172	朕	1180	FALSE
9	○	力錦切	lîm	廩	1173	廩	1181	FALSE
9	○	居飲切	kîm	錦	1174	錦	1182	FALSE
9	○	渠飲切	gǐm'	噤	1175	噤	1183	FALSE
9	○	於錦切	ʔîm	飮	1176	飲	1184	FALSE
9	二十一感¶¶	古禫切	kâm	感	1177	感	1185	FALSE
9	○	徒感切	dǎm'	禫	1178	禫	1186	FALSE
9	○	戸感切	ɦǎm'	頷	1179	頷	1187	FALSE
9	○	苦感切	khâm	坎	1180	坎	1188	FALSE
9	○	鄥感切	ʔâm	晻	1181	晻	1189	FALSE
9	○	五感切	ŋâm	頷	1182	頷	1190	FALSE
9	○	桑感切	sâm	糝	1183	糝	1191	FALSE
9	○	七感切	tshâm	㦧	1184	㦧	1192	FALSE
9	○	徂感切	tsâm	寁	1185	寁	1194	FALSE
9	○	都感切	tâm	紞	1186	紞	1195	FALSE
9	○	他感切	thâm	襑	1187	襑	1196	FALSE
9		下斬切	ɦiǎm'	豏	1187	豏	1197	FALSE
9	○	胡覽切	ɦǎm'	檻	1188	檻	1198	FALSE
9	○	虎覽切	hiâm	闞	1189	闞	1199	FALSE
9	○	在敢切	tsâm	槧	1190	槧	1200	FALSE
9	○	覩敢切	tâm	膽	1191	膽	1201	FALSE
9	○	徒覽切	dǎm'	啖	1192	啖	1202	FALSE
9	○	盧感切	lâm	壈	1193	壈	1203	FALSE
9	○	古覽切	kâm	敢	1194	敢	1204	FALSE
9	○	魯敢切	lâm	覽	1195	覽	1205	FALSE
9	○	古斬切	kiâm	減	1196	減	1206	FALSE
9	○	乙減切	ʔiâm	黯	1197	黯	1207	FALSE
9	○	所斬切	ʂâm	摻	1198	摻	1208	FALSE
9	○	側減切	tʂâm	斬	1199	斬	1209	FALSE
9	○	丈減切	ɖʐǎm'	湛	1200	湛	1210	FALSE
9	○	土減切	ɖʐǎm'	嶃	1201	嶃	1211	FALSE
9	○	忙范切	mâm	鋄	1202	鋄	1212	FALSE
9	○	房啖切	fvǎm'	范	1203	范	1213	FALSE
9	二十二琰¶¶	以冉切	jiɛ̂m	琰	1204	琰	1214	FALSE
9	○	於檢切	ʔiɛ̂m	奄	1205	奄	1215	FALSE
9	○	失冉切	ʃiɛ̂m	閃	1206	閃	1216	FALSE
9	○	而琰切	ʒiɛ̂m	冉	1207	冉	1217	FALSE
9	○	丑琰切	tʃhiɛ̂m	諂	1208	諂	1218	FALSE
9	○	力冉切	liɛ̂m	斂	1209	斂	1219	FALSE
9	○	虛檢切	hiɛ̂m	險	1210	險	1220	FALSE
9	○	居奄切	kiɛ̂m	檢	1211	檢	1221	FALSE
9		巨險切	giɛ̌m'	儉	1211	儉	1222	FALSE
9	○	魚檢切	jiɛ̂m	隒	1212	隒	1223	FALSE
9	○	悲撿切	piɛ̂m	貶	1213	貶	1224	FALSE
9	○	職琰切	tʃiɛ̂m	颭	1214	颭	1225	FALSE
9	○	他點切	thiɛ̂m	忝	1215	忝	1226	FALSE
9	○	多忝切	tiɛ̂m	點	1216	點	1227	FALSE
9	○	徒點切	diɛ̌m'	簟	1217	簟	1228	FALSE
9	○	乃點切	niɛ̂m	淰	1218	淰	1229	FALSE
9	○	苦簟切	khiɛ̂m	歉	1219	歉	1230	FALSE
9	○	秦冉切	dziɛ̌m'	漸	1220	漸	1231	FALSE
10	去聲¶一送¶¶	蘇弄切	sǔŋ	送	1221	送	1232	FALSE
10	○	馮貢切	fvǔŋ	鳳	1222	鳳	1233	FALSE
10	○	干弄切	tshǔŋ	謥	1223	𧪳	1234	FALSE
10	○	作弄切	tsǔŋ	糉	1224	糉	1235	FALSE
10	○	not_a_new_pronunciation	tsǔŋ	傯	1225	傯	1235	FALSE
10	○	not_a_new_pronunciation	tsǔŋ	綜	1226	綜	1235	FALSE
10	○	足用切	tsyǔŋ	縱	1227	縱	1236	FALSE
10	○	多貢切	tǔŋ	凍	1228	凍	1237	FALSE
10	○	他貢切	thǔŋ	痛	1229	痛	1238	FALSE
10	○	徒弄切	dǔŋ	洞	1230	洞	1239	FALSE
10	○	盧貢切	lǔŋ	弄	1231	弄	1240	FALSE
10	○	胡貢切	ɦǔŋ	哄	1232	哄	1241	FALSE
10	○	not_a_new_pronunciation	ɦǔŋ	洚	1233	洚	1241	FALSE
10		呼貢切	hǔŋ	烘	1233	烘	1242	FALSE
10	○	苦貢切	khǔŋ	控	1234	控	1243	FALSE
10	○	古送切	kǔŋ	貢	1235	貢	1244	FALSE
10	○	not_a_new_pronunciation	kǔŋ	㔶	1236	㔶	1244	FALSE
10	○	烏貢切	ʔǔŋ	瓮	1237	瓮	1245	FALSE
10	○	䝉弄切	mǔŋ	夢	1238	夢	1246	FALSE
10	○	not_a_new_pronunciation	mǔŋ	𡬌	1239	𡬌	1246	FALSE
10	○	not_a_new_pronunciation	mǔŋ	瞢	1240	瞢	1246	FALSE
10	○	撫鳳切	fǔŋ	賵	1241	賵	1247	FALSE
10	○	於用切	ʔyǔŋ	雍	1242	雍	1248	FALSE
10	○	not_a_new_pronunciation	ʔyǔŋ	𩌋	1243	𩌋	1248	FALSE
10	○	之仲切	tʃyǔŋ	衆	1244	衆	1249	FALSE
10	○	直衆切	dʒyǔŋ	仲	1245	仲	1250	FALSE
10	○	余頌切	jyǔŋ	用	1246	用	1251	FALSE
10	○	似用切	szyǔŋ	頌	1247	頌	1252	FALSE
10	○	才仲切	dzyǔŋ	從	1248	從	1253	FALSE
10	○	許用切	hyǔŋ	匈	1249	匈	1254	FALSE
10	○	渠用切	gyǔŋ	共	1250	共	1255	FALSE
10	○	欺用切	khyǔŋ	恐	1251	恐	1256	FALSE
10	○	居用切	kyǔŋ	供	1252	供	1257	FALSE
10	○	丑用切	tʃhyǔŋ	憃	1253	憃	1258	FALSE
10	○	奴凍切	nǔŋ	齈	1254	齈	1259	FALSE
10	二寘¶¶	支義切	tʃiɨ̌	寘	1255	寘	1260	FALSE
10	○	not_a_new_pronunciation	tʃiɨ̌	躓	1256	躓	1260	FALSE
10	○	資四切	tsɨ̌	恣	1257	恣	1261	FALSE
10	○	昌智切	tʃhǐ	翅	1258	翅	1262	FALSE
10		昌志切	tʃhiɨ̌	熾	1258	熾	1263	FALSE
10	○	not_a_new_pronunciation	tʃhiɨ̌	𩟄	1259	𩟄	1263	FALSE
10	○	時吏切	ʃʒiɨ̌	侍	1260	侍	1264	FALSE
10	○	not_a_new_pronunciation	ʃʒiɨ̌	蒔	1261	蒔	1264	FALSE
10	○	not_a_new_pronunciation	ʃʒiɨ̌	示	1262	示	1264	FALSE
10	○	而至切	ɻ̌	二	1263	二	1265	FALSE
10	○	息漬切	sɨ̌	四	1264	四	1266	FALSE
10	○	相吏切	sɨ̌	笥	1265	笥	1267	FALSE
10	○	not_a_new_pronunciation	sɨ̌	司	1266	司	1267	FALSE
10	○	疾二切	dzɨ̌	自	1267	自	1268	FALSE
10	○	知意切	tʃǐ	智	1268	智	1269	FALSE
10	○	not_a_new_pronunciation	tʃǐ	緻	1269	緻	1269	FALSE
10		征例切	tʃǐ	制	1269	制	1270	FALSE
10	○	直意切	dʒǐ	治	1270	治	1271	FALSE
10	○	丑吏切	tʃhǐ	眙	1271	眙	1272	FALSE
10	○	以智切	jǐ	異	1272	異	1273	FALSE
10	○	倪制切	jǐ	詣	1273	詣	1274	FALSE
10	○	以制切	jǐ	曳	1274	曳	1275	FALSE
10	○	not_a_new_pronunciation	jǐ	詍	1275	詍	1275	FALSE
10	○	not_a_new_pronunciation	jǐ	洩	1276	洩	1275	FALSE
10	○	式至切	ʃiɨ̌	試	1277	試	1276	FALSE
10	○	奇寄切	gǐ	芰	1278	芰	1277	FALSE
10	○	匹智切	phǐ	譬	1279	譬	1278	FALSE
10	○	兵媚切	pǐ	祕	1280	祕	1279	FALSE
10	○	毗意切	bǐ	避	1281	避	1280	FALSE
10	○	時智切	ʃʒǐ	誓	1282	誓	1281	FALSE
10	○	無沸切	vǐ	未	1283	未	1282	FALSE
10	○	初寺切	tʂhǐ	廁	1284	廁	1283	FALSE
10	○	not_a_new_pronunciation	tʂhǐ	杫	1285	杫	1283	FALSE
10	○	七四切	tshɨ̌	次	1286	次	1284	FALSE
10	○	許意切	hǐ	戲	1287	戲	1285	FALSE
10	○	於戱切	ʔǐ	意	1288	意	1286	FALSE
10	○	於計切	ʔǐ	医	1289	医	1287	FALSE
10	○	芳未切	fǐ	費	1290	費	1288	FALSE
10	○	not_a_new_pronunciation	fǐ	厞	1291	厞	1288	FALSE
10	○	始制切	ʃǐ	世	1292	世	1289	FALSE
10	○	尺制切	tʃhǐ	掣	1293	掣	1290	FALSE
10	○	火揥切	hǐ	侐	1294	侐	1291	FALSE
10	○	必弊切	pǐ	閉	1295	閉	1292	FALSE
10	○	兵臂切	phǐ	轡	1296	轡	1293	FALSE
10	○	必轡切	pǐ	臂	1297	臂	1294	FALSE
10	三霽¶¶	子記切	tsǐ	霽	1298	霽	1295	FALSE
10	○	才詣切	dzǐ	劑	1299	劑	1296	FALSE
10	○	思計切	sǐ	細	1300	細	1297	FALSE
10	○	not_a_new_pronunciation	sǐ	栖	1301	栖	1297	FALSE
10	○	七計切	tshǐ	切	1302	切	1298	FALSE
10	○	丁計切	tǐ	帝	1303	帝	1299	FALSE
10	○	not_a_new_pronunciation	tǐ	⿰訁疐	1304	嚏	1299	FALSE
10	○	他計切	thǐ	替	1305	替	1300	FALSE
10	○	not_a_new_pronunciation	thǐ	楴	1306	楴	1300	FALSE
10		大計切	dǐ	第	1306	第	1301	FALSE
10	○	徒利切	dǐ	地	1307	地	1302	FALSE
10	○	not_a_new_pronunciation	dǐ	埊	1308	埊	1302	FALSE
10	○	力也切	lǐ	利	1309	利	1303	FALSE
10	○	力霽切	lǐ	麗	1310	麗	1304	FALSE
10	○	not_a_new_pronunciation	lǐ	戾	1311	戾	1304	FALSE
10	○	not_a_new_pronunciation	lǐ	綟	1312	綟	1304	FALSE
10	○	去冀切	khǐ	器	1313	器	1305	FALSE
10	○	去計切	khǐ	契	1314	契	1306	FALSE
10		吉詣切	kǐ	計	1314	計	1307	FALSE
10	○	吉器切	kǐ	寄	1315	寄	1308	FALSE
10	○	乃計切	nǐ	泥	1316	泥	1309	FALSE
10	○	胡記切	ɦǐ	系	1317	系	1310	FALSE
10	○	彌計切	miěi	寐	1318	寐	1311	FALSE
10	○	直例切	dʒǐ	滯	1319	滯	1312	FALSE
11	四御¶¶	魚據切	jy̌	御	1320	御	1313	FALSE
11	○	依據切	ʔy̌	飫	1321	飫	1314	FALSE
11	○	羊茹切	jy̌	豫	1322	豫	1314	TRUE
11	○	而遇切	ʒy̌	孺	1323	孺	1315	FALSE
11	○	區遇切	khy̌	去	1324	去	1316	FALSE
11	○	居御切	ky̌	據	1325	據	1317	FALSE
11	○	not_a_new_pronunciation	ky̌	踞	1326	踞	1317	FALSE
11	○	忌遇切	gy̌	瞿	1327	瞿	1318	FALSE
11	○	息據切	sy̌	絮	1328	絮	1319	FALSE
11	○	七慮切	tshy̌	覰	1329	覰	1320	FALSE
11	○	將豫切	tsy̌	怚	1330	怚	1321	FALSE
11	○	族遇切	dzy̌	聚	1331	聚	1322	FALSE
11	○	商豫切	ʃy̌	恕	1332	恕	1323	FALSE
11	○	殊遇切	ʃʒy̌	樹	1333	樹	1324	FALSE
11	○	昌據切	tʃhy̌	處	1334	處	1325	FALSE
11	○	陟慮切	tʃy̌	著	1335	著	1326	FALSE
11	○	治據切	dʒy̌	筯	1336	筯	1327	FALSE
11	○	許御切	hy̌	噓	1337	噓	1328	FALSE
11	○	良據切	ly̌	慮	1338	慮	1329	FALSE
11	○	尼據切	ny̌	女	1339	女	1330	FALSE
11	五暮¶¶	莫故切	mǔ	暮	1340	暮	1331	FALSE
11	○	普故切	phǔ	鋪	1341	鋪	1332	FALSE
11	○	博故切	pǔ	布	1342	布	1333	FALSE
11	○	薄故切	bǔ	步	1343	步	1334	FALSE
11	○	蘇故切	sǔ	素	1344	素	1335	FALSE
11	○	倉故切	tshǔ	措	1345	措	1336	FALSE
11	○	靖故切	dzǔ	祚	1346	祚	1337	FALSE
11	○	臧祚切	tsǔ	作	1347	作	1338	FALSE
11	○	狀祚切	ɖʐǔ	助	1348	助	1339	FALSE
11	○	莊助切	tʂǔ	詛	1349	詛	1340	FALSE
11	○	都故切	tǔ	妒	1350	妒	1341	FALSE
11	○	獨故切	dǔ	度	1351	度	1342	FALSE
11	○	土故切	thǔ	兔	1352	兔	1343	FALSE
11	○	魯故切	lǔ	路	1353	路	1344	FALSE
11	○	not_a_new_pronunciation	lǔ	璐	1354	璐	1344	FALSE
11	○	怒故切	nǔ	怒	1355	怒	1345	FALSE
11	○	胡故切	ɦǔ	護	1356	護	1346	FALSE
11	○	荒故切	hǔ	謼	1357	謼	1347	FALSE
11	○	苦故切	khǔ	庫	1358	庫	1348	FALSE
11	○	古慕切	kǔ	顧	1359	顧	1349	FALSE
11	○	烏故切	ʔǔ	汙	1360	汙	1350	FALSE
11	○	五故切	ŋǔ	誤	1361	誤	1351	FALSE
11	○	所故切	ʂǔ	疏	1362	疏	1352	FALSE
11	○	創故切	tʂhǔ	楚	1363	楚	1353	FALSE
11		芳故切	fǔ	赴	1363	赴	1354	FALSE
11	○	防父切	fvǔ	附	1364	附	1355	FALSE
11	○	亡暮切	vǔ	務	1365	務	1356	FALSE
11	六泰¶¶	他蓋切	thǎi	泰	1366	泰	1357	FALSE
11	○	度耐切	dǎi	代	1367	代	1358	FALSE
11	○	not_a_new_pronunciation	dǎi	迨	1368	迨	1358	FALSE
11	○	當蓋切	tǎi	帶	1369	帶	1359	FALSE
11	○	丁代切	tǎi	戴	1370	戴	1360	FALSE
11	○	度柰切	dǎi	大	1371	大	1361	FALSE
11	○	落蓋切	lǎi	賴	1372	賴	1362	FALSE
11	○	洛代切	lǎi	徠	1373	徠	1363	FALSE
11	○	尼帶切	nǎi	柰	1374	柰	1364	FALSE
11	○	倉代切	tshǎi	菜	1375	菜	1365	FALSE
11	○	居大切	kǎi	蓋	1376	蓋	1366	FALSE
11	○	於蓋切	ʔǎi	愛	1377	愛	1367	FALSE
11	○	牛蓋切	ŋǎi	艾	1378	艾	1368	FALSE
11	○	下蓋切	ɦǎi	害	1379	害	1369	FALSE
11	○	五塊切	ŋwǎi	外	1380	外	1370	FALSE
11	○	於邁切	ʔwǎi	嗄	1381	嗄	1371	FALSE
11	○	丘蓋切	khǎi	慨	1382	慨	1372	FALSE
11	○	作代切	tsǎi	再	1383	再	1373	FALSE
11	○	昨代切	dzǎi	在	1384	在	1374	FALSE
11	○	楚邁切	tʂhǎi	嘬	1385	嘬	1375	FALSE
11	○	楚懈切	tʂhǎi	瘥	1386	瘥	1376	FALSE
11	○	居拜切	kiǎi	戒	1387	戒	1377	FALSE
11	○	烏懈切	ʔǎi	隘	1388	隘	1378	FALSE
11	○	牛懈切	jiǎi	睚	1389	睚	1379	FALSE
11	○	口戒切	khiǎi	𩋧	1390	𩋧	1380	FALSE
11		普夬切	phǎi	派	1390	派	1381	FALSE
11	○	布怪切	pǎi	拜	1391	拜	1382	FALSE
11	○	薄邁切	bǎi	敗	1392	敗	1383	FALSE
11	○	莫懈切	mǎi	賣	1393	賣	1384	FALSE
11	○	所賣切	ʂǎi	曬	1394	曬	1385	FALSE
11	○	先代切	sǎi	塞	1395	塞	1386	FALSE
11	○	古壞切	kwǎi	怪	1396	怪	1387	FALSE
11	○	助邁切	ɖʐǎi	砦	1397	砦	1388	FALSE
11	○	側賣切	tʂǎi	債	1398	債	1389	FALSE
11	○	苦夬切	khwǎi	快	1399	快	1390	FALSE
11	○	下戒切	ɦiǎi	械	1400	械	1391	FALSE
11	○	蕐賣切	ɦwǎi	壞	1401	壞	1392	FALSE
11	七隊¶¶	杜對切	dǔi	隊	1402	隊	1393	FALSE
11	○	都内切	tǔi	對	1403	對	1394	FALSE
11	○	吐内切	thǔi	退	1404	退	1395	FALSE
11	○	力遂切	lǔi	類	1405	類	1396	FALSE
11	○	滂佩切	phǔi	配	1406	配	1397	FALSE
11	○	步昧切	bǔi	旆	1407	旆	1398	FALSE
11	○	not_a_new_pronunciation	bǔi	北	1408	北	1398	FALSE
11	○	邦妹切	pǔi	背	1409	背	1399	FALSE
11	○	莫佩切	mǔi	妹	1410	妹	1400	FALSE
11	○	須銳切	sǔi	歲	1411	歲	1401	FALSE
11	○	徐醉切	szǔi	遂	1412	遂	1402	FALSE
11	○	not_a_new_pronunciation	szǔi	襚	1413	襚	1402	FALSE
11	○	七醉切	tshǔi	翠	1414	翠	1403	FALSE
11	○	秦醉切	dzǔi	萃	1415	萃	1404	FALSE
11	○	胡對切	ɦǔi	潰	1416	潰	1405	FALSE
11	○	not_a_new_pronunciation	ɦǔi	沬	1417	沬	1405	FALSE
11	○	呼對切	hǔi	誨	1418	誨	1406	FALSE
11	○	胡桂切	ɦǔi	慧	1419	慧	1407	FALSE
11	○	于芮切	jǔi	叡	1420	叡	1408	FALSE
11	○	儒稅切	ʒǔi	汭	1421	汭	1409	FALSE
11		古外切	kǔi	儈	1421	儈	1410	FALSE
11	○	居胃切	kǔi	貴	1422	貴	1411	FALSE
11	○	具位切	gǔi	匱	1423	匱	1412	FALSE
11	○	直類切	dʒǔi	墜	1424	墜	1413	FALSE
11	○	烏胃切	ʔǔi	穢	1425	穢	1414	FALSE
11	○	紆胃切	ʔǔi	尉	1426	尉	1415	FALSE
11	○	于位切	ǔi	胃	1427	胃	1416	FALSE
11	○	魚胃切	jǔi	魏	1428	魏	1417	FALSE
11	○	之瑞切	tʃǔi	惴	1429	惴	1418	FALSE
11	○	蚩瑞切	tʃhǔi	吹	1430	吹	1419	FALSE
11	○	殊偽切	ʃʒǔi	瑞	1431	瑞	1420	FALSE
11	○	輸芮切	ʃǔi	稅	1432	稅	1421	FALSE
11	○	所類切	ʂǔi	帥	1433	帥	1422	FALSE
11	○	女恚切	nǔi	諉	1434	諉	1423	FALSE
11	○	奴對切	nǔi	内	1435	内	1424	FALSE
11	○	窺睡切	khǔi	觖	1436	觖	1425	FALSE
11	○	其季切	gǔi	悸	1437	悸	1426	FALSE
11	○	丘媿切	khǔi	喟	1438	喟	1427	FALSE
11	○	將遂切	tsǔi	醉	1439	醉	1428	FALSE
11	○	香萃切	hǔi	睢	1440	睢	1429	FALSE
11	八震¶¶	之刃切	tʃǐn	震	1441	震	1430	FALSE
11	○	真刃切	dʒǐn	陣	1442	陣	1431	FALSE
11	○	朱閏切	tʃyǔn	稕	1443	稕	1432	FALSE
11	○	而振切	ʒǐn	刃	1444	刃	1433	FALSE
11	○	儒順切	ʒyǔn	閏	1445	閏	1434	FALSE
11	○	魚僅切	jǐn	憖	1446	憖	1435	FALSE
11	○	羊進切	jǐn	孕	1447	孕	1436	FALSE
11	○	衣刃切	ʔǐn	印	1448	印	1437	FALSE
11	○	時刃切	ʃʒǐn	愼	1449	愼	1438	FALSE
11	○	必刃切	pǐn	儐	1450	儐	1439	FALSE
11	○	逋悶切	pǔn	奔	1451	奔	1440	FALSE
11	○	思晉切	sǐn	信	1452	信	1441	FALSE
11	○	須閏切	syǔn	峻	1453	峻	1442	FALSE
11	○	松閏切	szyǔn	殉	1454	殉	1443	FALSE
11	○	蘇困切	sǔn	巽	1455	巽	1444	FALSE
11	○	not_a_new_pronunciation	sǔn	遜	1456	遜	1444	FALSE
11	○	即刃切	tsǐn	晉	1457	晉	1445	FALSE
11		齊進切	dzǐn	盡	1457	盡	1446	FALSE
11	○	祖峻切	tsyǔn	俊	1458	俊	1447	FALSE
11	○	祖寸切	tsǔn	焌	1459	焌	1448	FALSE
11	○	徐刃切	szǐn	燼	1460	燼	1449	FALSE
11	○	寸遴切	tshǐn	親	1461	親	1450	FALSE
11	○	初覲切	tʂhə̌n	藽	1462	藽	1451	FALSE
11	○	丑刄切	tʃhǐn	趂	1463	趂	1452	FALSE
11	○	良刃切	lǐn	吝	1464	吝	1453	FALSE
11	○	not_a_new_pronunciation	lǐn	磷	1465	磷	1453	FALSE
11	○	盧困切	lǔn	論	1466	論	1454	FALSE
11	○	去刃切	khǐn	菣	1467	菣	1455	FALSE
11	○	許刃切	hǐn	釁	1468	釁	1456	FALSE
11	○	not_a_new_pronunciation	hǐn	興	1469	興	1456	FALSE
11	○	具吝切	gǐn	僅	1470	僅	1457	FALSE
11	○	輸閏切	ʃyǔn	舜	1471	舜	1458	FALSE
11	○	食閏切	ʃʒyǔn	順	1472	順	1459	FALSE
11	○	文運切	vǔn	問	1473	問	1460	FALSE
11	○	房問切	fvǔn	分	1474	分	1461	FALSE
11	○	方問切	fǔn	僨	1475	僨	1462	FALSE
11	○	居運切	kyǔn	捃	1476	捃	1463	FALSE
11	○	not_a_new_pronunciation	kyǔn	皸	1477	皸	1463	FALSE
11	○	具運切	gyǔn	郡	1478	郡	1464	FALSE
11	○	於問切	ʔyǔn	醞	1479	醞	1465	FALSE
11	○	吁運切	hyǔn	訓	1480	訓	1466	FALSE
11	○	禹慍切	jyǔn	運	1481	運	1467	FALSE
11	○	胡困切	ɦǔn	慁	1482	慁	1468	FALSE
11	○	not_a_new_pronunciation	ɦǔn	顐	1483	顐	1468	FALSE
11	○	呼困切	hǔn	惛	1484	惛	1469	FALSE
11	○	苦悶切	khǔn	困	1485	困	1470	FALSE
11	○	普悶切	phǔn	噴	1486	噴	1471	FALSE
11	○	步悶切	bǔn	坌	1487	坌	1472	FALSE
11	○	莫困切	mǔn	悶	1488	悶	1473	FALSE
11	○	村困切	tshǔn	寸	1489	寸	1474	FALSE
11	○	祖悶切	tsǔn	鐏	1490	鐏	1475	FALSE
11	○	都困切	tǔn	頓	1491	頓	1476	FALSE
11	○	杜困切	dǔn	鈍	1492	鈍	1477	FALSE
11	○	奴困切	nǔn	嫩	1493	嫩	1478	FALSE
11	○	吐困切	thǔn	褪	1494	褪	1479	FALSE
11	○	下艮切	ɦə̌n	恨	1495	恨	1480	FALSE
11	○	古恨切	kə̌n	艮	1496	艮	1481	FALSE
11	○	苦恨切	khə̌n	硍	1497	硍	1482	FALSE
12	九翰¶¶	侯幹切	ɦɔ̌n	翰	1498	翰	1483	FALSE
12	○	古汗切	kɔ̌n	榦	1499	榦	1484	FALSE
12	○	虚汗切	hɔ̌n	漢	1500	漢	1485	FALSE
12	○	袪幹切	khɔ̌n	看	1501	看	1486	FALSE
12	○	於幹切	ʔɔ̌n	按	1502	按	1487	FALSE
12	○	魚幹切	ŋɔ̌n	岸	1503	岸	1488	FALSE
12	○	not_a_new_pronunciation	ŋɔ̌n	喭	1504	喭	1488	FALSE
12	○	胡玩切	ɦwɔ̌n	換	1505	換	1489	FALSE
12	○	呼玩切	hwɔ̌n	喚	1506	喚	1490	FALSE
12		古玩切	kwɔ̌n	貫	1506	貫	1491	FALSE
12	○	奴亂切	nwɔ̌n	愞	1507	愞	1492	FALSE
12	○	五換切	ŋwɔ̌n	玩	1508	玩	1493	FALSE
12	○	博漫切	pwɔ̌n	半	1509	半	1494	FALSE
12	○	普半切	phwɔ̌n	判	1510	判	1495	FALSE
12	○	薄半切	bwɔ̌n	畔	1511	畔	1496	FALSE
12	○	莫半切	mwɔ̌n	縵	1512	縵	1497	FALSE
12	○	蘇貫切	swɔ̌n	筭	1513	筭	1498	FALSE
12	○	取亂切	tshwɔ̌n	竄	1514	竄	1499	FALSE
12	○	祖筭切	tswɔ̌n	鑽	1515	鑽	1500	FALSE
12	○	在玩切	dzwɔ̌n	攢	1516	攢	1501	FALSE
12	○	都玩切	twɔ̌n	鍛	1517	鍛	1502	FALSE
12	○	杜玩切	thwɔ̌n	彖	1518	彖	1503	FALSE
12	○	杜玩切	dwɔ̌n	段	1519	段	1504	FALSE
12	○	盧玩切	lwɔ̌n	亂	1520	亂	1505	FALSE
12	十諫¶¶	居晏切	kiǎn	諫	1521	諫	1506	FALSE
12	○	於諫切	ʔiǎn	晏	1522	晏	1507	FALSE
12	○	古患切	kwǎn	慣	1523	慣	1508	FALSE
12	○	胡貫切	ɦwǎn	患	1524	患	1509	FALSE
12		普患切	phǎn	襻	1524	襻	1510	FALSE
12	○	甫患切	fǎn	番	1525	番	1511	FALSE
12	○	莫晏切	mǎn	慢	1526	慢	1512	FALSE
12	○	所晏切	ʂǎn	訕	1527	訕	1513	FALSE
12	○	助諫切	ɖʐǎn	棧	1528	棧	1514	FALSE
12	○	初患切	tʂhwǎn	篡	1529	篡	1515	FALSE
12	○	下患切	ɦiǎn	骭	1530	骭	1516	FALSE
12	○	五患切	ŋwǎn	薍	1531	薍	1517	FALSE
12	○	倉晏切	tshǎn	粲	1532	粲	1518	FALSE
12	○	則諫切	tsǎn	贊	1533	贊	1519	FALSE
12	○	才賛切	dzǎn	瓚	1534	瓚	1520	FALSE
12	○	他晏切	thǎn	炭	1535	炭	1521	FALSE
12	○	杜晏切	dǎn	憚	1536	憚	1522	FALSE
12	○	郎患切	lǎn	爛	1537	爛	1523	FALSE
12	○	得爛切	tǎn	旦	1538	旦	1524	FALSE
12		先諫切	sǎn	散	1538	散	1525	FALSE
12	○	烏貫切	ʔwǎn	腕	1539	腕	1526	FALSE
12		魚澗切	jiǎn	鴈	1539	鴈	1527	FALSE
12	○	乃旦切	nǎn	難	1540	難	1528	FALSE
12		初諫切	tʂhǎn	鏟	1540	鏟	1529	FALSE
12	○	備莧切	bǎn	瓣	1541	瓣	1530	FALSE
12	○	匹襇切	phǎn	盼	1542	盼	1531	FALSE
12		丈襇切	ɖʐǎn	綻	1542	綻	1532	FALSE
12	○	狹襇切	ɦiǎn	莧	1543	莧	1533	FALSE
12	○	方諫切	fǎn	販	1544	販	1534	FALSE
12	○	同上切	fǎn	嬔	1545	嬔	1534	FALSE
12	○	符諫切	fvǎn	飯	1546	飯	1535	FALSE
12	○	無販切	vǎn	萬	1547	萬	1536	FALSE
12	十　一　霰¶¶	先見切	siɛ̌n	霰	1548	霰	1537	FALSE
12	○	倉甸切	tshiɛ̌n	蒨	1549	蒨	1538	FALSE
12	○	在甸切	dziɛ̌n	荐	1550	荐	1539	FALSE
12	○	似面切	sziɛ̌n	羡	1551	羨	1540	FALSE
12	○	在線切	dziɛ̌n	賤	1552	賤	1541	FALSE
12	○	丁練切	tiɛ̌n	殿	1553	殿	1542	FALSE
12	○	他甸切	thiɛ̌n	瑱	1554	瑱	1543	FALSE
12	○	蕩練切	diɛ̌n	電	1555	電	1544	FALSE
12	○	卽甸切	liɛ̌n	練	1556	練	1545	FALSE
12		龍眷切	lyuɛ̌n	戀	1556	戀	1546	FALSE
12	○	形甸切	ɦiɛ̌n	現	1557	現	1547	FALSE
12	○	倪甸切	jiɛ̌n	硯	1558	硯	1548	FALSE
12	○	經電切	kiɛ̌n	建	1559	建	1549	FALSE
12	○	熒絹切	ɦyuɛ̌n	眩	1560	眩	1550	FALSE
12	○	虞怨切	jyuɛ̌n	願	1561	願	1551	FALSE
12	○	not_a_new_pronunciation	jyuɛ̌n	院	1562	院	1551	FALSE
12		曉見切	hiɛ̌n	獻	1562	獻	1552	FALSE
12	○	區願切	khyuɛ̌n	券	1563	券	1553	FALSE
12	○	女箭切	niɛ̌n	碾	1564	碾	1554	FALSE
12	○	吉掾切	kyuɛ̌n	絹	1565	絹	1555	FALSE
12	○	伊甸切	ʔiɛ̌n	宴	1566	宴	1556	FALSE
12	○	翾眩切	hyuɛ̌n	絢	1567	絢	1557	FALSE
12	○	卑見切	piɛ̌n	徧	1568	徧	1558	FALSE
12	○	迂絹切	jyuɛ̌n	怨	1569	怨	1559	FALSE
12	○	匹見切	phiɛ̌n	片	1570	片	1560	FALSE
12	○	莫見切	miɛ̌n	麪	1571	麪	1561	FALSE
12	○	須絹切	syuɛ̌n	選	1572	選	1562	FALSE
12	○	取絹切	tshyuɛ̌n	縓	1573	縓	1563	FALSE
12	○	隨戀切	szyuɛ̌n	旋	1574	旋	1564	FALSE
12	○	式戰切	ʃiɛ̌n	扇	1575	扇	1565	FALSE
12	○	天戰切	tʃhiɛ̌n	繟	1576	繟	1566	FALSE
12	○	之膳切	tʃiɛ̌n	戰	1577	戰	1567	FALSE
12	○	時載切	ʃʒiɛ̌n	繕	1578	繕	1568	FALSE
12	○	株戀切	tʃyuɛ̌n	囀	1579	囀	1569	FALSE
12	○	樞絹切	tʃhyuɛ̌n	釧	1580	釧	1570	FALSE
12	○	除戀切	dʒyuɛ̌n	饌	1581	饌	1571	FALSE
12	○	儒轉切	ʒyuɛ̌n	𤲬	1582	𤲬	1572	FALSE
12	○	直碾切	dʒiɛ̌n	纏	1583	纏	1573	FALSE
12	○	柱戀切	dʒyuɛ̌n	傳	1584	傳	1574	FALSE
12	○	詰戰切	khiɛ̌n	譴	1585	譴	1575	FALSE
12		逵眷切	gyuɛ̌n	倦	1585	倦	1576	FALSE
12	○	渠建切	giɛ̌n	健	1586	健	1577	FALSE
12	○	毗面切	biɛ̌n	便	1587	便	1578	FALSE
12	○	作甸切	tsiɛ̌n	薦	1588	薦	1579	FALSE
12	十　二　嘯¶¶	蘇弔切	siɛ̌w	嘯	1589	嘯	1580	FALSE
12	○	多嘯切	tiɛ̌w	弔	1590	弔	1581	FALSE
12	○	他弔切	thiɛ̌w	糶	1591	糶	1582	FALSE
12	○	杜弔切	diɛ̌w	調	1592	調	1583	FALSE
12	○	力弔切	liɛ̌w	料	1593	料	1584	FALSE
12	○	五弔切	jiɛ̌w	澆	1594	澆	1585	FALSE
12	○	奴弔切	niɛ̌w	溺	1595	溺	1586	FALSE
12	○	苦弔切	khiɛ̌w	竅	1596	竅	1587	FALSE
12	○	古弔切	kiɛ̌w	叫	1597	叫	1588	FALSE
12	○	一笑切	ʔiɛ̌w	要	1598	要	1589	FALSE
12	○	七肖切	tshiɛ̌w	陗	1599	陗	1590	FALSE
12	○	子肖切	tsiɛ̌w	醮	1600	醮	1591	FALSE
12	○	在笑切	dziɛ̌w	嚼	1601	嚼	1592	FALSE
12	○	失照切	ʃiɛ̌w	少	1602	少	1593	FALSE
12	○	之笑切	tʃiɛ̌w	照	1603	照	1594	FALSE
12	○	實照切	ʃʒiɛ̌w	邵	1604	邵	1595	FALSE
12	○	直笑切	dʒiɛ̌w	召	1605	召	1596	FALSE
12	○	弋笑切	jiɛ̌w	燿	1606	燿	1597	FALSE
12	○	渠廟切	giɛ̌w	嶠	1607	嶠	1598	FALSE
12	○	匹妙切	phiɛ̌w	勡	1608	勡	1599	FALSE
12	○	毗召切	biɛ̌w	驃	1609	驃	1600	FALSE
12	○	彌笑切	miɛ̌w	妙	1610	妙	1601	FALSE
12	○	許照切	hiɛ̌w	歊	1611	歊	1602	FALSE
12	○	悲廟切	piɛ̌w	俵	1612	俵	1603	FALSE
12	十　三　效¶¶	胡孝切	ɦiǎw	效	1613	效	1604	FALSE
12		not_a_new_pronunciation	pǎw	襃	1613	襃	1609	FALSE
12	○	披敎切	phǎw	砲	1614	砲	1610	FALSE
12	○	於敎切	ʔiǎw	拗	1615	拗	1611	FALSE
12	○	眉敎切	mǎw	貌	1616	貌	1612	FALSE
12	○	莫報切	mǎw	㡌	1617	帽	1613	FALSE
12	○	所敎切	ʂǎw	稍	1618	稍	1614	FALSE
12	○	楚敎切	tʂhǎw	鈔	1619	鈔	1615	FALSE
12	○	陟敎切	tʂǎw	罩	1620	罩	1616	FALSE
12	○	敕敎切	tʂhǎw	趠	1621	趠	1617	FALSE
12	○	直敎切	ɖʐǎw	櫂	1622	櫂	1618	FALSE
12	○	女敎切	nǎw	鬧	1623	鬧	1619	FALSE
12	○	側敎切	tʂǎw	抓	1624	抓	1620	FALSE
12	○	胡到切	ɦǎw	號	1625	號	1621	FALSE
12		not_a_new_pronunciation	ɦiǎw	爻	1625	爻	1604	FALSE
12	○	許敎切	hiǎw	孝	1626	孝	1605	FALSE
12	○	口敎切	khiǎw	敲	1627	敲	1606	FALSE
12	○	居效切	kiǎw	敎	1628	敎	1607	FALSE
12	○	魚敎切	jiǎw	樂	1629	樂	1608	FALSE
12	○	布恔切	pǎw	豹	1630	豹	1609	FALSE
12		not_a_new_pronunciation	ɦǎw	呺	1630	呺	1621	FALSE
12	○	虚到切	hǎw	耗	1631	耗	1622	FALSE
12	○	口到切	khǎw	犒	1632	犒	1623	FALSE
12		居號切	kǎw	誥	1632	誥	1624	FALSE
12	○	於到切	ʔǎw	奥	1633	奧	1625	FALSE
12	○	魚到切	ŋǎw	慠	1634	慠	1626	FALSE
12	○	蒲報切	bǎw	暴	1635	暴	1627	FALSE
12	○	先到切	sǎw	噪	1636	噪	1628	FALSE
12	○	七到切	tshǎw	操	1637	操	1629	FALSE
12	○	則到切	tsǎw	竈	1638	竈	1630	FALSE
12	○	在到切	dzǎw	漕	1639	漕	1631	FALSE
12	○	都導切	tǎw	到	1640	到	1632	FALSE
12	○	杜到切	dǎw	導	1641	導	1633	FALSE
12	○	郎到切	lǎw	勞	1642	勞	1634	FALSE
12	○	奴報切	nǎw	臑	1643	臑	1635	FALSE
12	十　四　箇¶¶	古荷切	kɔ̌	箇	1644	箇	1636	FALSE
12	○	古臥切	kwɔ̌	過	1645	過	1637	FALSE
12	○	口个切	khɔ̌	軻	1646	軻	1638	FALSE
12	○	苦臥切	khwɔ̌	課	1647	課	1639	FALSE
12		胡臥切	ɦwɔ̌	賀	1647	賀	1640	FALSE
12	○	胡箇切	ɦɔ̌	荷	1648	荷	1641	FALSE
12	○	五箇切	ŋɔ̌	餓	1649	餓	1642	FALSE
12	○	郎佐切	lɔ̌	邏	1650	邏	1643	FALSE
12	○	蘓箇切	sɔ̌	些	1651	些	1644	FALSE
12	○	子賀切	tsɔ̌	左	1652	左	1645	FALSE
12	○	杜臥切	dwɔ̌	惰	1653	惰	1646	FALSE
12	○	乃个切	nɔ̌	奈	1654	奈	1647	FALSE
12	○	丁佐切	tɔ̌	癉	1655	癉	1648	FALSE
12	○	補過切	pwɔ̌	播	1656	播	1649	FALSE
12	○	普過切	phwɔ̌	破	1657	破	1650	FALSE
12	○	莫臥切	mwɔ̌	磨	1658	磨	1651	FALSE
12	○	才臥切	dzwɔ̌	剉	1659	剉	1652	FALSE
12	○	徂臥切	dzwɔ̌	坐	1660	坐	1653	FALSE
12	○	烏臥切	ʔwɔ̌	涴	1661	涴	1654	FALSE
12	○	呼臥切	hwɔ̌	貨	1662	貨	1655	FALSE
12	○	吐臥切	thwɔ̌	唾	1663	唾	1656	FALSE
12	○	符臥切	fvwɔ̌	縛	1664	縛	1657	FALSE
12	○	呼个切	hɔ̌	呵	1665	呵	1658	FALSE
13	¶十五禡¶¶	莫駕切	mǎ	禡	1666	禡	1659	FALSE
13	○	not_a_new_pronunciation	mǎ	伯	1667	伯	1659	FALSE
13	○	普駕切	phǎ	怕	1668	怕	1660	FALSE
13	○	必駕切	pǎ	霸	1669	霸	1661	FALSE
13	○	所嫁切	ʂǎ	嗄	1670	嗄	1662	FALSE
13	○	側駕切	tʂǎ	詐	1671	詐	1663	FALSE
13	○	助駕切	ɖʐǎ	乍	1672	乍	1664	FALSE
13	○	丑亞切	tʂhǎ	咤	1673	咤	1665	FALSE
13	○	not_a_new_pronunciation	tʂhǎ	差	1674	差	1665	FALSE
13	○	胡駕切	ɦiǎ	暇	1675	暇	1666	FALSE
13	○	虛訝切	hiǎ	罅	1676	罅	1667	FALSE
13	○	not_a_new_pronunciation	hiǎ	嚇	1677	嚇	1667	FALSE
13	○	格架切	khiǎ	髂	1678	髂	1668	FALSE
13	○	居亞切	kiǎ	駕	1679	駕	1669	FALSE
13	○	皮罵切	bǎ	罷	1680	罷	1670	FALSE
13	○	衣架切	ʔiǎ	亞	1681	亞	1671	FALSE
13	○	五駕切	jiǎ	訝	1682	訝	1672	FALSE
13	○	胡挂切	ɦwǎ	畫	1683	畫	1673	FALSE
13	○	呼霸切	hwǎ	化	1684	化	1674	FALSE
13	○	苦化切	khwǎ	跨	1685	跨	1675	FALSE
13	○	古畫切	kwǎ	卦	1686	卦	1676	FALSE
13		五㕦切	ŋwǎ	𡧗	1686	𡧗	1677	FALSE
13	十六蔗¶¶	之夜切	tʃiɛ̌	蔗	1687	蔗	1678	FALSE
13	○	司夜切	siɛ̌	瀉	1688	瀉	1679	FALSE
13	○	子夜切	tsiɛ̌	借	1689	借	1680	FALSE
13	○	詞夜切	sziɛ̌	謝	1690	謝	1681	FALSE
13	○	式夜切	ʃiɛ̌	舍	1691	舍	1682	FALSE
13	○	神夜切	ʃʒiɛ̌	射	1692	射	1683	FALSE
13	○	寅射切	jiɛ̌	夜	1693	夜	1684	FALSE
13		遷謝切	tshiɛ̌	䞣	1693	䞣	1685	FALSE
13	十七漾¶¶	餘亮切	jiɑ̌ŋ	漾	1694	漾	1686	FALSE
13	○	敷亮切	fɑ̌ŋ	訪	1695	訪	1687	FALSE
13	○	巫放切	vɑ̌ŋ	妄	1696	妄	1688	FALSE
13	○	息亮切	siɑ̌ŋ	相	1697	相	1689	FALSE
13	○	時亮切	ʃʒiɑ̌ŋ	尚	1698	尚	1690	FALSE
13	○	式亮切	ʃiɑ̌ŋ	餉	1699	餉	1691	FALSE
13	○	尺亮切	tʃhiɑ̌ŋ	唱	1700	唱	1692	FALSE
13	○	知亮切	tʃiɑ̌ŋ	障	1701	障	1693	FALSE
13	○	子亮切	tsiɑ̌ŋ	將	1702	將	1694	FALSE
13	○	側况切	tʂɑ̌ŋ	壯	1703	壯	1695	FALSE
13	○	渠放切	gwɑ̌ŋ	狂	1704	狂	1696	FALSE
13	○	七亮切	tshiɑ̌ŋ	蹡	1705	蹡	1697	FALSE
13	○	助浪切	ɖʐɑ̌ŋ	狀	1706	狀	1698	FALSE
13	○	疾亮切	dziɑ̌ŋ	匠	1707	匠	1699	FALSE
13	○	而亮切	ʒiɑ̌ŋ	讓	1708	讓	1700	FALSE
13	○	楚浪切	tʂhɑ̌ŋ	創	1709	創	1701	FALSE
13	○	直亮切	dʒiɑ̌ŋ	仗	1710	仗	1702	FALSE
13	○	力仗切	liɑ̌ŋ	諒	1711	諒	1703	FALSE
13	○	許亮切	hiɑ̌ŋ	向	1712	向	1704	FALSE
13	○	其亮切	giɑ̌ŋ	强	1713	強	1705	FALSE
13	○	於亮切	ʔiɑ̌ŋ	怏	1714	怏	1706	FALSE
13	○	魚向切	jiɑ̌ŋ	仰	1715	仰	1707	FALSE
13	○	于放切	wɑ̌ŋ	王	1716	王	1708	FALSE
13	○	虛放切	hwɑ̌ŋ	況	1717	況	1709	FALSE
13	○	古況切	kwɑ̌ŋ	誑	1718	誑	1710	FALSE
13	○	徒浪切	dɑ̌ŋ	宕	1719	宕	1711	FALSE
13	○	他浪切	thɑ̌ŋ	儻	1720	儻	1712	FALSE
13	○	丁浪切	tɑ̌ŋ	當	1721	當	1713	FALSE
13	○	郎宕切	lɑ̌ŋ	浪	1722	浪	1714	FALSE
13	○	蒲浪切	bɑ̌ŋ	傍	1723	傍	1715	FALSE
13	○	蘇浪切	sɑ̌ŋ	喪	1724	喪	1716	FALSE
13	○	才浪切	dzɑ̌ŋ	藏	1725	藏	1717	FALSE
13	○	則浪切	tsɑ̌ŋ	葬	1726	葬	1718	FALSE
13	○	下浪切	ɦɑ̌ŋ	吭	1727	吭	1719	FALSE
13	○	口浪切	khɑ̌ŋ	亢	1728	亢	1720	FALSE
13	○	於浪切	ʔɑ̌ŋ	盎	1729	盎	1721	FALSE
13	○	魚浪切	ŋɑ̌ŋ	枊	1730	枊	1722	FALSE
13	○	若謗切	khwɑ̌ŋ	曠	1731	曠	1723	FALSE
13	○	補曠切	pɑ̌ŋ	謗	1732	謗	1724	FALSE
13	○	古曠切	kwɑ̌ŋ	廣	1733	廣	1725	FALSE
13	○	普浪切	phɑ̌ŋ	滂	1734	滂	1726	FALSE
13	○	奴浪切	nɑ̌ŋ	儾	1735	儾	1727	FALSE
13	○	莫浪切	mɑ̌ŋ	漭	1736	漭	1728	FALSE
13	○	古巷切	kiɑ̌ŋ	絳	1737	絳	1729	FALSE
13	○	胡降切	ɦiɑ̌ŋ	巷	1738	巷	1730	FALSE
13	○	楚降切	tʂhɑ̌ŋ	堫	1739	堫	1731	FALSE
13	○	陟降切	tʂɑ̌ŋ	撞	1740	撞	1732	FALSE
13	○	士降切	ɖʐɑ̌ŋ	漴	1741	漴	1733	FALSE
13	○	色降切	ʂɑ̌ŋ	淙	1742	淙	1734	FALSE
13	○	匹絳切	phɑ̌ŋ	肨	1743	肨	1735	FALSE
13	○	丑降切	tʂhɑ̌ŋ	䚎	1744	䚎	1736	FALSE
13	十八敬¶¶	居慶切	kǐŋ	敬	1745	敬	1737	FALSE
13	○	居正切	kǐŋ	勁	1746	勁	1738	FALSE
13	○	吉定切	kǐŋ	徑	1747	徑	1739	FALSE
13	○	於命切	ʔǐŋ	映	1748	映	1740	FALSE
13	○	具映切	gǐŋ	競	1749	競	1741	FALSE
13	○	所敬切	ʂə̌ŋ	生	1750	生	1742	FALSE
13	○	丘正切	khǐŋ	慶	1751	慶	1743	FALSE
13	○	居孟切	kə̌ŋ	更	1752	更	1744	FALSE
13	○	胡孟切	ɦiə̌ŋ	行	1753	行	1745	FALSE
13	○	戸孟切	ɦwə̌ŋ	橫	1754	橫	1746	FALSE
13	○	比孟切	pə̌ŋ	榜	1755	榜	1747	FALSE
13	○	not_a_new_pronunciation	pə̌ŋ	跰	1756	跰	1747	FALSE
13	○	莫更切	mə̌ŋ	孟	1757	孟	1748	FALSE
13	○	陂病切	pǐŋ	柄	1758	柄	1749	FALSE
13	○	皮命切	bǐŋ	病	1759	病	1750	FALSE
13	○	眉病切	mǐŋ	命	1760	命	1751	FALSE
13	○	魚慶切	jǐŋ	迎	1761	迎	1752	FALSE
13	○	爲命切	jyuə̌ŋ	詠	1762	詠	1753	FALSE
13	○	not_a_new_pronunciation	jyuə̌ŋ	泳	1763	泳	1753	FALSE
13	○	呼正切	hyuə̌ŋ	夐	1764	𡕷	1754	FALSE
13	○	側逬切	tʂə̌ŋ	諍	1765	諍	1755	FALSE
13	○	魚孟切	ŋə̌ŋ	硬	1766	硬	1756	FALSE
13	○	敇諍切	tʂhə̌ŋ	瞠	1767	瞠	1757	FALSE
13	○	匹正切	phǐŋ	聘	1768	聘	1758	FALSE
13	○	息正切	sǐŋ	性	1769	性	1759	FALSE
13	○	七正切	tshǐŋ	倩	1770	倩	1760	FALSE
13	○	疾正切	dzǐŋ	淨	1771	淨	1761	FALSE
13	○	式正切	ʃǐŋ	聖	1772	聖	1762	FALSE
13	○	時正切	ʃʒǐŋ	盛	1773	盛	1763	FALSE
13	○	丑正切	tʃhǐŋ	稱	1774	稱	1764	FALSE
13	○	直正切	dʒǐŋ	鄭	1775	鄭	ytenx_digitalization_error	FALSE
13	○	之盛切	tʃǐŋ	正	1776	正	1765	FALSE
13	○	力正切	lǐŋ	令	1777	令	1766	FALSE
13	○	not_a_new_pronunciation	lǐŋ	零	1778	零	1766	FALSE
13	○	縈定切	ʔyuə̌ŋ	瑩	1779	瑩	1767	FALSE
13	○	除更切	ɖʐə̌ŋ	鋥	1780	鋥	1768	FALSE
13	○	丁定切	tǐŋ	釘	1781	釘	1769	FALSE
13	○	他定切	thǐŋ	聽	1782	聽	1770	FALSE
13	○	徒逕切	dǐŋ	定	1783	定	1771	FALSE
13	○	乃定切	nǐŋ	甯	1784	甯	1772	FALSE
13	○	子孕切	tsǐŋ	甑	1785	甑	1773	FALSE
13	○	以證切	jǐŋ	孕	1786	孕	1774	FALSE
13	○	形定切	ɦǐŋ	脛	1787	脛	1775	FALSE
13	○	許應切	hǐŋ	興	1788	興	1776	FALSE
13	○	於證切	ʔǐŋ	應	1789	應	1777	FALSE
13	○	丁鄧切	tə̌ŋ	嶝	1790	嶝	1778	FALSE
13	○	唐亙切	də̌ŋ	鄧	1791	鄧	1779	FALSE
13	○	逋鄧切	pə̌ŋ	堋	1792	堋	1780	FALSE
13	○	昨亙切	dzə̌ŋ	贈	1793	贈	1781	FALSE
13	○	居鄧切	kə̌ŋ	亙	1794	亙	1782	FALSE
13	○	魯鄧切	lə̌ŋ	稜	1795	稜	1783	FALSE
13	○	七鄧切	tshə̌ŋ	蹭	1796	蹭	1784	FALSE
13	○	而證切	ʒǐŋ	認	1797	認	1785	FALSE
13	○	台鄧切	thə̌ŋ	𤃶	1798	𤃶	1786	FALSE
13	十九宥¶¶	爰救切	jiǒw	宥	1799	宥	1787	FALSE
13	○	not_a_new_pronunciation	jiǒw	祐	1800	祐	1787	FALSE
13	○	許救切	hiǒw	齅	1801	齅	1788	FALSE
13	○	not_a_new_pronunciation	hiǒw	臭	1802	臭	1788	FALSE
13	○	兵救切	khiǒw	糗	1803	糗	1788	TRUE
13	○	居又切	kiǒw	救	1804	救	1789	FALSE
13	○	巨又切	giǒw	舊	1805	舊	1790	FALSE
13	○	敷救切	fǒw	副	1806	副	1791	FALSE
13	○	扶富切	fvǒw	復	1807	復	1792	FALSE
13	○	息救切	siǒw	秀	1808	秀	1793	FALSE
13	○	卽就切	tsiǒw	僦	1809	僦	1794	FALSE
13	○	似救切	sziǒw	岫	1810	岫	1795	FALSE
13	○	疾僦切	dziǒw	就	1811	就	1796	FALSE
13	○	舒救切	ʃiǒw	狩	1812	狩	1797	FALSE
13	○	尺救切	tʃhiǒw	臭	1813	臭	1798	FALSE
13	○	職救切	tʃiǒw	祝	1814	祝	1799	FALSE
13	○	not_a_new_pronunciation	tʃiǒw	晝	1815	晝	1799	FALSE
13	○	承呪切	ʃʒiǒw	授	1816	授	1800	FALSE
13	○	如又切	ʒiǒw	輮	1817	輮	1801	FALSE
13	○	俯救切	fǒw	不	1818	不	1802	FALSE
13	○	所救切	ʂǒw	瘦	1819	瘦	1803	FALSE
13	○	初救切	tʂhǒw	簉	1820	簉	1804	FALSE
13	○	側救切	tʂǒw	縐	1821	縐	1805	FALSE
13	○	鉏救切	ɖʐǒw	驟	1822	驟	1806	FALSE
13	○	直又切	dʒiǒw	胄	1823	胄	1807	FALSE
13	○	not_a_new_pronunciation	dʒiǒw	伷	1824	伷	1807	FALSE
13	○	not_a_new_pronunciation	dʒiǒw	冑	1825	冑	1807	FALSE
13	○	力救切	liǒw	溜	1826	溜	1808	FALSE
13	○	女救切	niǒw	狃	1827	狃	1809	FALSE
13	○	胡茂切	ɦǒw	候	1828	候	1810	FALSE
13	○	許候切	hǒw	吼	1829	吼	1811	FALSE
13	○	丘候切	khǒw	寇	1830	寇	1812	FALSE
13	○	於候切	ʔǒw	漚	1831	漚	1813	FALSE
13	○	莫候切	mǒw	戊	1832	戊	1814	FALSE
13	○	先奏切	sǒw	漱	1833	漱	1815	FALSE
13	○	千候切	tshǒw	湊	1834	湊	1816	FALSE
13	○	則候切	tsǒw	奏	1835	奏	1817	FALSE
13	○	丁候切	tǒw	鬬	1836	鬬	1818	FALSE
13	○	他候切	thǒw	透	1837	透	1819	FALSE
13	○	大透切	dǒw	豆	1838	豆	1820	FALSE
13	○	郎豆切	lǒw	漏	1839	漏	1821	FALSE
13	○	乃豆切	nǒw	耨	1840	耨	1822	FALSE
13	○	五豆切	ŋǒw	偶	1841	偶	1823	FALSE
13	○	居候切	kǒw	冓	1842	冓	1824	FALSE
13	○	伊謬切	ʔiǒw	幼	1843	幼	1825	FALSE
13	○	靡幼切	miǒw	謬	1844	謬	1826	FALSE
13	二十沁¶¶	七鴆切	tshǐm	沁	1845	沁	1827	FALSE
13	○	子鴆切	tsǐm	浸	1846	浸	1828	FALSE
13	○	職任切	tʃǐm	枕	1847	枕	1829	FALSE
13	○	時鴆切	ʃʒǐm	甚	1848	甚	1830	FALSE
13	○	汝鴆切	ʒǐm	任	1849	任	1831	FALSE
13	○	所禁切	ʂə̌m	滲	1850	滲	1832	FALSE
13	○	楚禁切	tʂhə̌m	讖	1851	讖	1833	FALSE
13	○	側禁切	tʂə̌m	譖	1852	譖	1834	FALSE
13	○	丑禁切	tʃhǐm	闖	1853	闖	1835	FALSE
13	○	力禁切	lǐm	臨	1854	臨	1836	FALSE
13	○	巨禁切	gǐm	紟	1855	紟	1837	FALSE
13	○	眞禁切	dʒǐm	鴆	1856	鴆	1838	FALSE
13	○	女禁切	nǐm	賃	1857	賃	1839	FALSE
13	○	居廕切	kǐm	禁	1858	禁	1840	FALSE
13	○	於禁切	ʔǐm	䕃	1859	蔭	1841	FALSE
13	○	式禁切	ʃǐm	深	1860	深	1842	FALSE
13	○	宜禁切	jǐm	吟	1861	吟	1843	FALSE
13	二十　一勘¶¶	苦紺切	khǎm	勘	1862	勘	1844	FALSE
13	○	古暗切	kǎm	紺	1863	紺	1845	FALSE
13	○	胡紺切	ɦǎm	憾	1864	憾	1846	FALSE
13	○	烏紺切	ʔǎm	暗	1865	暗	1846	TRUE
13	○	七紺切	tshǎm	參	1866	參	1847	FALSE
13	○	他紺切	thǎm	探	1867	探	1848	FALSE
13	○	苦濫切	khǎm	闞	1868	闞	1849	FALSE
13	○	昨濫切	dzǎm	暫	1869	暫	1850	FALSE
13	○	not_a_new_pronunciation	dzǎm	儳	1870	儳	1850	FALSE
13	○	息暫切	sǎm	三	1871	三	1851	FALSE
13	○	都濫切	tǎm	擔	1872	擔	1852	FALSE
13	○	徒濫切	dǎm	淡	1873	淡	1853	FALSE
13	○	吐濫切	thǎm	賧	1874	賧	1854	FALSE
13	○	盧瞰切	lǎm	濫	1875	濫	1855	FALSE
13	○	乎韽切	ɦiǎm	陷	1876	陷	1856	FALSE
13	○	於陷切	ʔiǎm	韽	1877	韽	1857	FALSE
13	○	莊陷切	tʂǎm	蘸	1878	蘸	1858	FALSE
13	○	丈陷切	ɖʐǎm	湛	1879	湛	1859	FALSE
13	○	古陷切	kiǎm	鑑	1880	鑑	1860	FALSE
13	○	胡監切	ɦiǎm	檻	1881	檻	1861	FALSE
13	○	士監切	ɖʐǎm	讒	1882	讒	1862	FALSE
13		所鑑切	ʂǎm	摲	1882	摲	1863	FALSE
13	○	扶泛切	fvǎm	梵	1883	梵	1864	FALSE
13	二十二豔¶¶	以贍切	jiɛ̌m	豔	1884	豔	1865	FALSE
13	○	not_a_new_pronunciation	jiɛ̌m	鹽	1885	鹽	1865	FALSE
13	○	not_a_new_pronunciation	jiɛ̌m	炎	1886	炎	1865	FALSE
13	○	於豔切	ʔiɛ̌m	厭	1887	厭	1866	FALSE
13	○	陂驗切	piɛ̌m	窆	1888	窆	1867	FALSE
13	○	七豔切	tshiɛ̌m	塹	1889	塹	1868	FALSE
13	○	舒贍切	ʃiɛ̌m	苫	1890	苫	1869	FALSE
13	○	冒豔切	tʃhiɛ̌m	襜	1891	襜	1870	FALSE
13	○	章豔切	tʃiɛ̌m	占	1892	占	1871	FALSE
13	○	而豔切	ʒiɛ̌m	染	1893	染	1872	FALSE
13	○	力驗切	liɛ̌m	斂	1894	斂	1873	FALSE
13	○	他念切	thiɛ̌m	㮇	1895	㮇	1874	FALSE
13	○	都念切	tiɛ̌m	店	1896	店	1875	FALSE
13	○	奴玷切	niɛ̌m	念	1897	念	1876	FALSE
13	○	詰念切	khiɛ̌m	歉	1898	歉	1877	FALSE
13	○	子念切	tsiɛ̌m	僭	1899	僭	1878	FALSE
13	○	魚欠切	jiɛ̌m	釅	1900	釅	1879	FALSE
13	○	尼欠切	niɛ̌m	黏	1901	黏	1880	FALSE
13	○	虚欠切	hiɛ̌m	脅	1902	脅	1881	FALSE
13	○	去劒切	khiɛ̌m	欠	1903	欠	1882	FALSE
13	○	居欠切	kiɛ̌m	劒	1904	劍	1883	FALSE
14	入聲¶¶¶一屋¶¶	烏谷切	ʔuk	屋	1905	屋	1884	FALSE
14	○	古祿切	kuk	穀	1906	穀	1885	FALSE
14	○	枯沃切	khuk	酷	1907	酷	1886	FALSE
14	○	呼木切	huk	熇	1908	熇	1887	FALSE
14	○	胡谷切	ɦȕk	縠	1909	縠	1888	FALSE
14	○	博木切	puk	卜	1910	卜	1889	FALSE
14	○	普卜切	phuk	撲	1911	撲	1890	FALSE
14	○	步木切	bȕk	僕	1912	僕	1891	FALSE
14	○	莫卜切	mȕk	木	1913	木	1892	FALSE
14	○	蘇谷切	suk	速	1914	速	1893	FALSE
14	○	蘇玉切	syuk	夙	1915	夙	1894	FALSE
14	○	千木切	tshuk	蔟	1916	蔟	1895	FALSE
14	○	昨木切	dzȕk	族	1917	族	1896	FALSE
14	○	他谷切	thuk	禿	1918	禿	1897	FALSE
14	○	杜谷切	dȕk	牘	1919	牘	1898	FALSE
14	○	盧谷切	lȕk	祿	1920	祿	1899	FALSE
14	○	方六切	fuk	福	1921	福	1900	FALSE
14	○	房六切	fvȕk	伏	1922	伏	1901	FALSE
14	○	子六切	tsyuk	蹙	1923	蹙	1902	FALSE
14	○	式竹切	ʃyuk	叔	1924	叔	1903	FALSE
14	○	昌六切	tʃhyuk	柷	1925	柷	1904	FALSE
14	○	許六切	hyuk	畜	1926	畜	1905	FALSE
14	○	之六切	tʃyuk	祝	1927	祝	1906	FALSE
14	○	居六切	kyuk	匊	1928	匊	1907	FALSE
14	○	神六切	ʃʒyȕk	孰	1929	孰	1908	FALSE
14	○	而六切	ʒyȕk	肉	1930	肉	1909	FALSE
14	○	余六切	jyȕk	育	1931	育	1910	FALSE
14	○	乙六切	ʔyuk	郁	1932	郁	1911	FALSE
14	○	魚欲切	jyȕk	玉	1933	玉	1912	FALSE
14	○	所六切	ʂuk	縮	1934	縮	1913	FALSE
14	○	直六切	dʒyȕk	逐	1935	逐	1914	FALSE
14	○	女六切	nyȕk	朒	1936	朒	1915	FALSE
14	○	丘六切	khyuk	麴	1937	麴	1916	FALSE
14	○	渠玉切	gyȕk	局	1938	局	1917	FALSE
14	○	縱玉切	tsyuk	足	1939	足	1918	FALSE
14	○	松玉切	szyȕk	續	1940	續	1919	FALSE
14	○	都毒切	tuk	篤	1941	篤	1920	FALSE
14	二質¶¶	職日切	tʃit	質	1942	質	1921	FALSE
14	○	式質切	ʃit	失	1943	失	1922	FALSE
14		同上切	ʃʒȉt	實	1943	實	1923	FALSE
14	○	尺栗切	tʃhit	叱	1944	叱	1924	FALSE
14	○	人質切	ʒȉt	日	1945	日	1925	FALSE
14	○	朔律切	ʂut	率	1946	率	1926	FALSE
14	○	息七切	sit	悉	1947	悉	1927	FALSE
14	○	戚悉切	tshit	七	1948	七	1928	FALSE
14	○	子悉切	tsit	堲	1949	堲	1929	FALSE
14	○	昨悉切	dzȉt	疾	1950	疾	1930	FALSE
14	○	壁吉切	pit	必	1951	必	1931	FALSE
14	○	薄密切	bȉt	弼	1952	弼	1932	FALSE
14	○	覓筆切	mȉt	密	1953	密	1933	FALSE
14	○	僻吉切	phit	匹	1954	匹	1934	FALSE
14	○	直質切	dʒȉt	秩	1955	秩	1935	FALSE
14	○	力質切	lȉt	栗	1956	栗	1936	FALSE
14	○	尼質切	nȉt	暱	1957	暱	1937	FALSE
14	○	魚乞切	jȉt	仡	1958	仡	1938	FALSE
14	○	弋質切	jȉt	逸	1959	逸	1939	FALSE
14	○	益悉切	ʔit	一	1960	一	1940	FALSE
14	○	欺訖切	khit	乞	1961	乞	1941	FALSE
14	○	激質切	kit	吉	1962	吉	1942	FALSE
14	○	黑乙切	hit	肸	1963	肸	1943	FALSE
14	○	厥筆切	kyut	橘	1964	橘	1944	FALSE
14	○	都律切	tyut	祋	1965	祋	1945	FALSE
14	○	休筆切	hyut	矞	1966	矞	1946	FALSE
14	○	食律切	ʃʒyȕt	術	1967	術	1947	FALSE
14	○	尺律切	tʃhyut	出	1968	出	1948	FALSE
14	○	雪律切	syut	恤	1969	恤	1949	FALSE
14	○	促律切	tshyut	焌	1970	焌	1950	FALSE
14	○	卽律切	tsyut	卒	1971	卒	1951	FALSE
14	○	昨律切	dzyȕt	崒	1972	崒	1952	FALSE
14	○	竹律切	tʃyut	窋	1973	窋	1953	FALSE
14	○	劣戌切	lyȕt	律	1974	律	1954	FALSE
14	○	以律切	jyȕt	聿	1975	聿	1955	FALSE
14	○	側瑟切	tʂət	櫛	1976	櫛	1956	FALSE
14	○	色櫛切	ʂət	瑟	1977	瑟	1957	FALSE
14	○	文拂切	vȕt	勿	1978	勿	1958	FALSE
14	○	敷勿切	fut	拂	1979	拂	1959	FALSE
14		符勿切	fvȕt	佛	1979	佛	1960	FALSE
14	○	許勿切	hyut	欻	1980	欻	1961	FALSE
14	○	王勿切	wȕt	䬑	1981	䬑	ytenx_digitalization_error	FALSE
14	○	曲勿切	khyut	屈	1982	屈	1962	FALSE
14	○	九勿切	kyut	屈	1983	屈	1963	FALSE
14	○	渠勿切	gyȕt	倔	1984	倔	1964	FALSE
14	○	紆勿切	ʔyut	鬱	1985	鬱	1965	FALSE
14	○	莫勃切	mȕt	沒	1986	沒	1966	FALSE
14	○	蒲沒切	bȕt	孛	1987	孛	1967	FALSE
14	○	逋沒切	put	不	1988	不	1968	FALSE
14	○	蘇骨切	sut	窣	1989	窣	1969	FALSE
14	○	蒼沒切	tshut	卒	1990	卒	1970	FALSE
14	○	臧沒切	tsut	卒	1991	卒	1971	FALSE
14	○	當沒切	tut	咄	1992	咄	1972	FALSE
14	○	盧沒切	lȕt	硉	1993	硉	1973	FALSE
14	○	普沒切	phut	朏	1994	朏	1974	FALSE
14	○	吐納切	thut	突	1995	突	1975	FALSE
14	○	奴骨切	nȕt	訥	1996	訥	1976	FALSE
14	○	下沒切	ɦə̏t	覈	1997	覈	1977	FALSE
14	○	胡骨切	ɦȕt	鶻	1998	鶻	1978	FALSE
14	○	呼骨切	hut	忽	1999	忽	1979	FALSE
14	○	苦骨切	khut	窟	2000	窟	1980	FALSE
14	○	古忽切	kut	骨	2001	骨	1981	FALSE
14	○	五忽切	ŋȕt	兀	2002	兀	1982	FALSE
14	○	not_a_new_pronunciation	ŋȕt	屼	2003	屹	1982	FALSE
14	○	烏骨切	ʔut	媼	2004	媼	1983	FALSE
14	三曷¶¶	何葛切	ɦɔ̏t	曷	2005	曷	1984	FALSE
14	○	許葛切	hɔt	喝	2006	喝	1985	FALSE
14	○	丘葛切	khɔt	渴	2007	渴	1986	FALSE
14		居曷切	kɔt	葛	2007	葛	1987	FALSE
14	○	阿葛切	ʔɔt	遏	2008	遏	1988	FALSE
14	○	莫葛切	mwɔ̏t	末	2009	末	1989	FALSE
14	○	户括切	ɦwɔ̏t	活	2010	活	1990	FALSE
14	○	呼括切	hwɔt	豁	2011	豁	1991	FALSE
14	○	苦括切	khwɔt	闊	2012	闊	1992	FALSE
14	○	古活切	kwɔt	括	2013	括	1993	FALSE
14	○	烏活切	ʔwɔt	斡	2014	斡	1994	FALSE
14	○	北末切	pwɔt	撥	2015	撥	1995	FALSE
14	○	普活切	phwɔt	潑	2016	潑	1996	FALSE
14	○	蒲撥切	bwɔ̏t	跋	2017	跋	1997	FALSE
14	○	倉括切	tshwɔt	撮	2018	撮	1998	FALSE
14	○	子括切	tswɔt	繓	2019	繓	1999	FALSE
14	○	都括切	twɔt	掇	2020	掇	2000	FALSE
14	○	他括切	thwɔt	脫	2021	脫	2001	FALSE
14	○	徒活切	dwɔ̏t	奪	2022	奪	2002	FALSE
14	○	盧活切	lwɔ̏t	捋	2023	捋	2003	FALSE
14	四轄¶¶	胡八切	ɦiȁt	轄	2024	轄	2004	FALSE
14	○	牙八切	jiȁt	蘖	2025	蘖	2005	FALSE
14	○	桑轄切	sat	薩	2026	薩	2006	FALSE
14	○	才達切	dzȁt	巀	2027	巀	2007	FALSE
14	○	當拔切	tat	笪	2028	笪	2008	FALSE
14	○	堂滑切	dȁt	達	2029	達	2009	FALSE
14	○	他達切	that	闥	2030	闥	2010	FALSE
14	○	郎達切	lȁt	剌	2031	剌	2011	FALSE
14	○	乃八切	nȁt	捺	2032	捺	2012	FALSE
14	○	七煞切	tshat	攃	2033	攃	2013	FALSE
14	○	訖黠切	kiat	戛	2034	戛	2014	FALSE
14	○	乙黠切	ʔiat	軋	2035	軋	2015	FALSE
14	○	户八切	ɦwȁt	猾	2036	猾	2016	FALSE
14	○	布拔切	pat	八	2037	八	2017	FALSE
14	○	山戛切	ʂat	殺	2038	殺	2018	FALSE
14	○	初戛切	tʂhat	察	2039	察	2019	FALSE
14	○	側八切	tʂat	札	2040	札	2020	FALSE
14	○	女滑切	nwȁt	豽	2041	豽	2021	FALSE
14	○	丘瞎切	khiat	楬	2042	楬	2022	FALSE
14	○	古滑切	kwat	刮	2043	刮	2023	FALSE
14	○	數滑切	ʂwat	刷	2044	刷	2024	FALSE
14	○	陟轄切	tʂat	哳	2045	哳	2025	FALSE
14	○	莫轄切	mȁt	帓	2046	帓	2026	FALSE
14	○	逖轄切	that	獺	2047	獺	2027	FALSE
14	○	許轄切	hiat	瞎	2048	瞎	2028	FALSE
14	○	查轄切	ɖʐȁt	䥷	2049	𨰉	2029	FALSE
14	○	宗滑切	tswat	拶	2050	拶	2030	FALSE
14	○	房滑切	fvȁt	伐	2051	伐	2031	FALSE
14	○	無發切	vȁt	韈	2052	韈	2032	FALSE
14	○	方伐切	fat	髮	2053	髮	2033	FALSE
15	五屑¶¶	先結切	siɛt	屑	2054	屑	2034	FALSE
15	○	not_a_new_pronunciation	siɛt	𨇨	2055	𨇨	2034	FALSE
15	○	魚列切	jiɛ̏t	孽	2056	孽	2035	FALSE
15	○	古屑切	kiɛt	結	2057	結	2036	FALSE
15	○	丘月切	khyuɛt	闕	2058	闕	2037	FALSE
15	○	竒熱切	giɛ̏t	朅	2059	朅	2038	FALSE
15	○	避列切	biɛ̏t	別	2060	別	2039	FALSE
15	○	必列切	piɛt	鼈	2061	鼈	2040	FALSE
15	○	良薛切	liɛ̏t	列	2062	列	2041	FALSE
15	○	魚厥切	jyuɛ̏t	月	2063	月	2042	FALSE
15	○	於歇切	ʔiɛt	謁	2064	謁	2043	FALSE
15	○	胡决切	ɦyuɛ̏t	穴	2065	穴	2044	FALSE
15	○	呼决切	hyuɛt	烕	2066	烕	2045	FALSE
15	○	朱劣切	tʃyuɛt	拙	2067	拙	2046	FALSE
15	○	彌列切	miɛ̏t	滅	2068	滅	2047	FALSE
15	○	巨列切	giɛ̏t	傑	2069	傑	2048	FALSE
15	○	而列切	ʒiɛ̏t	熱	2070	熱	2049	FALSE
15	○	匹蔑切	phiɛt	撆	2071	撆	2050	FALSE
15	○	蘇絶切	syuɛt	雪	2072	雪	2051	FALSE
15	○	詰結切	khiɛt	挈	2073	挈	2052	FALSE
15	○	側劣切	dʒyuɛ̏t	茁	2074	茁	2053	FALSE
15	○	情雪切	dzyuɛt	絕	2075	絕	2054	FALSE
15	○	輸爇切	ʃyuɛt	說	2076	說	2055	FALSE
15	○	子結切	tsiɛt	節	2077	節	2056	FALSE
15	○	昨結切	dziɛ̏t	截	2078	截	2057	FALSE
15	○	他結切	thiɛt	鐵	2079	鐵	2058	FALSE
15	○	一决切	ʔyuɛt	抉	2080	抉	2059	FALSE
15		昌悅切	tʃhyuɛt	歠	2080	歠	2060	FALSE
15	○	力輟切	lyuɛ̏t	劣	2081	劣	2061	FALSE
15	○	儒劣切	ʒyuɛ̏t	爇	2082	𤑔	2062	FALSE
15	○	居月切	kyuɛt	厥	2083	厥	2063	FALSE
15	○	not_a_new_pronunciation	kyuɛt	鴂	2084	鴂	2063	FALSE
15	○	敕列切	tʃhiɛt	徹	2085	徹	2064	FALSE
15	○	直列切	dʒiɛ̏t	轍	2086	轍	2065	FALSE
15	○	其月切	gyuɛ̏t	橜	2087	橜	2066	FALSE
15	○	之列切	tʃiɛt	浙	2088	浙	2067	FALSE
15	○	胡結切	ɦiɛ̏t	纈	2089	纈	2068	FALSE
15	○	延結切	jiɛ̏t	曳	2090	曳	2069	FALSE
15	○	式列切	ʃiɛt	設	2091	設	2070	FALSE
15	○	乃結切	niɛ̏t	涅	2092	涅	2071	FALSE
15	○	食列切	ʃʒiɛ̏t	舌	2093	舌	2072	FALSE
15	○	杜結切	diɛ̏t	耊	2094	耋	2073	FALSE
15	○	許竭切	hiɛt	歇	2095	歇	2074	FALSE
15		千結切	tshiɛt	切	2095	切	2075	FALSE
15	○	所劣切	ʂwat	刷	2096	刷	2076	FALSE
15	六藥¶¶	弋灼切	jiɔ̏k	藥	2097	藥	2077	FALSE
15	○	逆角切	jiɔ̏k	嶽	2098	嶽	2078	FALSE
15	○	乚角切	ʔiɔk	渥	2099	渥	2079	FALSE
15	○	乚却切	ʔiɔk	約	2100	約	2080	FALSE
15	○	迄却切	hiɔk	謔	2101	謔	2081	FALSE
15	○	符約切	fvɔ̏k	縛	2102	縛	2082	FALSE
15	○	息約切	siɔk	削	2103	削	2083	FALSE
15	○	昔各切	sɔk	索	2104	索	2084	FALSE
15	○	七各切	tshɔk	錯	2105	錯	2085	FALSE
15	○	七雀切	tshiɔk	鵲	2106	鵲	2086	FALSE
15	○	疾雀切	dziɔ̏k	皭	2107	皭	2087	FALSE
15	○	卽約切	tsiɔk	爵	2108	爵	2088	FALSE
15	○	卽各切	tsɔk	作	2109	作	2089	FALSE
15	○	疾各切	dzɔ̏k	昨	2110	昨	2090	FALSE
15	○	式灼切	ʃiɔk	鑠	2111	鑠	2091	FALSE
15	○	食角切	ɖʐɔ̏k	浞	2112	浞	2092	FALSE
15	○	色角切	ʂɔk	朔	2113	朔	2093	FALSE
15	○	職略切	tʃiɔk	灼	2114	灼	2094	FALSE
15	○	直略切	dʒiɔ̏k	箸	2115	箸	2095	FALSE
15	○	尺約切	tʃhiɔk	綽	2116	綽	2096	FALSE
15	○	裳灼切	ʃʒiɔ̏k	杓	2117	杓	2097	FALSE
15	○	如灼切	ʒiɔ̏k	若	2118	若	2098	FALSE
15	○	力灼切	liɔ̏k	略	2119	略	2099	FALSE
15	○	乞約切	khiɔk	却	2120	却	2100	FALSE
15	○	丘縛切	khyuɔk	躩	2121	躩	2101	FALSE
15	○	克各切	khɔk	恪	2122	恪	2102	FALSE
15		訖岳切	kiɔk	覺	2122	覺	2103	FALSE
15	○	極虐切	giɔ̏k	噱	2123	噱	2104	FALSE
15	○	厥縛切	kyuɔk	矍	2124	矍	2105	FALSE
15	○	葛鶴切	kɔk	各	2125	各	2106	FALSE
15	○	烏郭切	ʔwɔk	雘	2126	雘	2107	FALSE
15	○	忽郭切	hwɔk	霍	2127	霍	2108	FALSE
15	○	胡郭切	ɦwɔ̏k	穫	2128	穫	2109	FALSE
15	○	許縛切	hyuɔk	戄	2129	戄	2110	FALSE
15	○	他各切	thɔk	託	2130	託	2111	FALSE
15	○	歴各切	lɔ̏k	洛	2131	洛	2112	FALSE
15	○	奴各切	nɔ̏k	諾	2132	諾	2113	FALSE
15	○	伯各切	pɔk	博	2133	博	2114	FALSE
15	○	弼角切	bɔ̏k	雹	2134	雹	2115	FALSE
15	○	達各切	thɔ̏k	鐸	2135	鐸	2116	FALSE
15	○	匹各切	phɔk	朴	2136	朴	2117	FALSE
15	○	末各切	mɔ̏k	莫	2137	莫	2118	FALSE
15	○	曷各切	ɦɔ̏k	鶴	2138	鶴	2119	FALSE
15	○	黒各切	hɔk	𦞦	2139	臛	2120	FALSE
15	○	轄覺切	ɦiɔ̏k	學	2140	學	2121	FALSE
15	○	苦郭切	khwɔk	廓	2141	廓	2122	FALSE
15	○	古博切	kwɔk	郭	2142	郭	2123	FALSE
15	○	遏各切	ʔɔk	惡	2143	惡	2124	FALSE
15		逆各切	ŋɔ̏k	諤	2143	諤	2125	FALSE
15	○	測角切	tʂhɔk	娖	2144	娖	2126	FALSE
15	○	竹角切	tʂɔk	捉	2145	捉	2127	FALSE
15	○	直角切	ɖʐɔ̏k	濁	2146	濁	2128	FALSE
15	○	敕角切	tʂhɔk	㪬	2147	not_found_in_tciengh_ghiunh_tsen	not_found_in_tciengh_ghiunh_tsen	FALSE
16	¶七陌¶¶	莫白切	mə̏k	陌	2148	陌	2129	FALSE
16	○	普伯切	phək	拍	2149	拍	2130	FALSE
16	○	博陌切	pək	百	2150	百	2131	FALSE
16	○	簿陌切	bə̏k	白	2151	白	2132	FALSE
16	○	直格切	ɖʐə̏k	宅	2152	宅	2133	FALSE
16	○	耻格切	tʂhək	坼	2153	坼	2134	FALSE
16	○	博厄切	pək	檗	2154	檗	2135	FALSE
16	○	呼格切	hək	赫	2155	赫	2136	FALSE
16	○	迄得切	hək	黑	2156	黑	2137	FALSE
16	○	乞格切	khək	客	2157	客	2138	FALSE
16		各頟切	kək	格	2157	格	2139	FALSE
16	○	卾格切	ŋə̏k	額	2158	額	2140	FALSE
16	○	霍虢切	ɦwə̏k	畫	2159	畫	2141	FALSE
16	○	古伯切	kwək	虢	2160	虢	2142	FALSE
16	○	色窄切	ʂək	索	2161	索	2143	FALSE
16	○	側格切	tʂək	窄	2162	窄	2144	FALSE
16	○	乚革切	ʔək	厄	2163	厄	2145	FALSE
16	○	士革切	ɖʐə̏k	賾	2164	賾	2146	FALSE
16	○	思積切	sik	昔	2165	昔	2147	FALSE
16	○	七迹切	tshik	刺	2166	刺	2148	FALSE
16	○	祥亦切	szȉk	席	2167	席	2149	FALSE
16	○	前歴切	dzȉk	寂	2168	寂	2150	FALSE
16	○	資昔切	tsik	積	2169	積	2151	FALSE
16	○	施隻切	ʃik	釋	2170	釋	2152	FALSE
16	○	昌石切	tʃhik	尺	2171	尺	2153	FALSE
16	○	not_a_new_pronunciation	tʃhik	𪀦	2172	𪀦	2153	FALSE
16	○	之石切	tʃik	隻	2173	隻	2154	FALSE
16	○	not_a_new_pronunciation	tʃik	膱	2174	膱	2154	FALSE
16	○	裳隻切	ʃʒȉk	石	2175	石	2155	FALSE
16	○	直隻切	dʒȉk	擲	2176	擲	2156	FALSE
16	○	伊昔切	ʔik	益	2177	益	2157	FALSE
16		夷益切	jȉk	繹	2177	繹	2158	FALSE
16	○	必歴切	pik	壁	2178	壁	2159	FALSE
16	○	匹亦切	phik	僻	2179	僻	2160	FALSE
16	○	女力切	nȉk	匿	2180	匿	2161	FALSE
16	○	毗亦切	bȉk	闢	2181	闢	2162	FALSE
16	○	俱碧切	gyuə̏k	玃	2182	玃	2163	FALSE
16	○	驅碧切	khyuək	躩	2183	躩	2164	FALSE
16	○	迄逆切	hik	虩	2184	𧈅	2165	FALSE
16	○	訖逆切	kik	戟	2185	戟	2166	FALSE
16	○	竭戟切	gȉk	劇	2186	劇	2167	FALSE
16	○	宜㦸切	jȉk	逆	2187	逆	2168	FALSE
16	○	乞逆切	khyuək	隙	2188	隙	2169	FALSE
16	○	莫狄切	mȉk	覓	2189	覓	2170	FALSE
16	○	丁歴切	tik	的	2190	的	2171	FALSE
16	○	他歴切	thik	逖	2191	逖	2172	FALSE
16	○	杜歴切	dȉk	狄	2192	狄	2173	FALSE
16	○	郞狄切	lȉk	厯	2193	歷	2174	FALSE
16	○	刑狄切	ɦȉk	檄	2194	檄	2175	FALSE
16	○	苦擊切	khik	喫	2195	喫	2176	FALSE
16	○	苦臭切	khyuək	闃	2196	闃	2177	FALSE
16	○	古闃切	kyuək	狊	2197	狊	2178	FALSE
16	○	呼狊切	hyuək	殈	2198	殈	2179	FALSE
16	○	丞職切	ʃʒȉk	寔	2199	寔	2180	FALSE
16	○	初力切	tʂhik	測	2200	測	2181	FALSE
16	○	疾力切	dzȉk	崱	2201	崱	2182	FALSE
16	○	疾則切	dzə̏k	賊	2202	賊	2183	FALSE
16	○	節力切	tsik	卽	2203	卽	2184	FALSE
16	○	越逼切	jyuə̏k	域	2204	域	2185	FALSE
16	○	多則切	tək	德	2205	德	2186	FALSE
16	○	惕德切	thək	忒	2206	忒	2187	FALSE
16	○	敵德切	də̏k	特	2207	特	2188	FALSE
16	○	歴德切	lə̏k	勒	2208	勒	2189	FALSE
16	○	必勒切	pək	北	2209	北	2190	FALSE
16	○	步黑切	bə̏k	匐	2210	匐	2191	FALSE
16	○	宻北切	mə̏k	墨	2211	墨	2192	FALSE
16	○	悉則切	sək	塞	2212	塞	2193	FALSE
16	○	子德切	tsək	則	2213	則	2194	FALSE
16	○	胡得切	ɦə̏k	劾	2214	劾	2195	FALSE
16	○	穫北切	ɦwə̏k	或	2215	或	2196	FALSE
16	○	胡麥切	ɦwə̏k	獲	2216	獲	2197	FALSE
16	八緝¶¶	七入切	tship	緝	2217	緝	2198	FALSE
16	○	側入切	tʂɨp	戢	2218	戢	2199	FALSE
16	○	息入切	sip	霫	2219	霫	2200	FALSE
16	○	席入切	szȉp	習	2220	習	2201	FALSE
16	○	秦入切	dzȉp	集	2221	集	2202	FALSE
16	○	質入切	tʃip	執	2222	執	2203	FALSE
16	○	直立切	dʒȉp	蟄	2223	蟄	2204	FALSE
16	○	尺入切	tʃhip	蟄	2224	蟄	2205	FALSE
16	○	寔執切	ʃʒȉp	十	2225	十	2206	FALSE
16	○	日執切	ʒȉp	入	2226	入	2207	FALSE
16	○	色入切	ʂɨp	澀	2227	澀	2208	FALSE
16	○	力入切	lȉp	立	2228	立	2209	FALSE
16	○	一入切	ʔip	揖	2229	揖	2210	FALSE
16	○	許及切	hip	吸	2230	吸	2211	FALSE
16	○	乞及切	khip	泣	2231	泣	2212	FALSE
16	○	居立切	kip	急	2232	急	2213	FALSE
16	○	忌立切	gȉp	及	2233	及	2214	FALSE
16	○	賫入切	tsip	湒	2234	湒	2215	FALSE
16	九合¶¶	胡閤切	ɦɔ̏p	合	2235	合	2216	FALSE
16	○	克盍切	khɔp	榼	2236	榼	2217	FALSE
16	○	古沓切	kɔp	閤	2237	閤	2218	FALSE
16	○	遏合切	ʔɔp	姶	2238	姶	2219	FALSE
16	○	悉合切	sap	趿	2239	趿	2220	FALSE
16	○	作荅切	tsap	帀	2240	帀	2221	FALSE
16	○	昨荅切	dzȁp	雜	2241	雜	2222	FALSE
16	○	得合切	tap	答	2242	答	2223	FALSE
16	○	七合切	tshap	雜	2243	雜	2224	FALSE
16	○	託合切	thap	錔	2244	錔	2225	FALSE
16	○	達合切	dȁp	沓	2245	沓	2226	FALSE
16	○	落合切	lȁp	蠟	2246	蠟	2227	FALSE
16	○	奴荅切	nȁp	納	2247	納	2228	FALSE
16	○	託甲切	thap	榻	2248	榻	2229	FALSE
16	○	not_a_new_pronunciation	thap	塌	2249	塌	2229	FALSE
16	○	胡夾切	ɦiȁp	洽	2250	洽	2230	FALSE
16		苦洽切	khiap	恰	2250	恰	2231	FALSE
16		古洽切	kiap	夾	2250	夾	2232	FALSE
16	○	色洽切	ʂap	㰱	2251	歃	2233	FALSE
16	○	測洽切	tʂhap	𢆍	2252	臿	2234	FALSE
16	○	竹洽切	tʂap	劄	2253	劄	2235	FALSE
16	○	昵洽切	nȁp	𢇵	2254	𢇵	2236	FALSE
16	○	乙甲切	ʔap	押	2255	押	2237	FALSE
16	○	呼甲切	hiap	呷	2256	呷	2238	FALSE
16	○	直甲切	ɖʐȁp	霅	2257	霅	2239	FALSE
16	○	扶沓切	fvȁp	乏	2258	乏	2240	FALSE
16	○	方甲切	fap	法	2259	法	2241	FALSE
16	十葉¶¶	弋涉切	jiɛ̏p	葉	2260	葉	2242	FALSE
16	○	極曄切	giɛ̏p	笈	2261	笈	2243	FALSE
16	○	七接切	tshiɛp	妾	2262	妾	2244	FALSE
16	○	卽涉切	tsiɛp	接	2263	接	2245	FALSE
16	○	疾葉切	dziɛ̏p	捷	2264	捷	2246	FALSE
16	○	失涉切	ʃiɛp	攝	2265	攝	2247	FALSE
16	○	質涉切	tʃiɛp	讋	2266	讋	2248	FALSE
16	○	尼輒切	niɛ̏p	聶	2267	聶	2249	FALSE
16	○	直涉切	dʒiɛ̏p	䐑	2268	䐑	2250	FALSE
16	○	力渉切	liɛ̏p	獵	2269	獵	2251	FALSE
16	○	他協切	thiɛp	帖	2270	帖	2252	FALSE
16	○	丁協切	tiɛp	喋	2271	喋	2253	FALSE
16	○	胡頰切	ɦiɛ̏p	協	2272	協	2254	FALSE
16	○	not_a_new_pronunciation	ɦiɛ̏p	俠	2273	俠	2254	FALSE
16	○	not_a_new_pronunciation	ɦiɛ̏p	拹	2274	恊	2254	FALSE
16	○	古協切	kiɛp	頰	2275	頰	2255	FALSE
16		乞協切	khiɛp	篋	2275	篋	2256	FALSE
16	○	呼協切	hiɛp	偞	2276	偞	2257	FALSE
16	○	悉協切	siɛp	燮	2277	燮	2258	FALSE
16	○	魚怯切	jiɛ̏p	業	2278	業	2259	FALSE
